File,Detection start,Detection end,Common name,Latin name,Confidence,Label,Comment,Call count,File offset,Start (s),Latitude,Longitude,Place,Model
C:\Users\Roberto Cavalcanti\Documents\projeto-vitoria-araujo-bioacustica-2026-06\audiomoth-co-2025-1101-borda-matinha-semana1\20250416_122000.WAV,2025-04-16 09:20:57.000,2025-04-16 09:21:00.000,Guaracava-De-Barriga-Amarela,Elaenia flavogaster,0.5860448479652405,,,,00:00:57,57,-15.7648,-47.8561,"Viveiro de Plantas Medicinais, Asa Norte",birdnet
C:\Users\Roberto Cavalcanti\Documents\projeto-vitoria-araujo-bioacustica-2026-06\audiomoth-co-2025-1101-borda-matinha-semana1\20250416_125000.WAV,2025-04-16 09:50:03.000,2025-04-16 09:50:06.000,Periquito-De-Encontro-Amarelo,Brotogeris chiriri,0.7197820544242859,,,,00:00:03,3,-15.7648,-47.8561,"Viveiro de Plantas Medicinais, Asa Norte",birdnet
C:\Users\Roberto Cavalcanti\Documents\projeto-vitoria-araujo-bioacustica-2026-06\audiomoth-co-2025-1101-borda-matinha-semana1\20250416_125000.WAV,2025-04-16 09:50:06.000,2025-04-16 09:50:09.000,Periquito-De-Encontro-Amarelo,Brotogeris chiriri,0.8567110896110535,,,,00:00:06,6,-15.7648,-47.8561,"Viveiro de Plantas Medicinais, Asa Norte",birdnet
C:\Users\Roberto Cavalcanti\Documents\projeto-vitoria-araujo-bioacustica-2026-06\audiomoth-co-2025-1101-borda-matinha-semana1\20250416_131000.WAV,2025-04-16 10:10:42.000,2025-04-16 10:10:45.000,Bem-Te-Vi,Pitangus sulphuratus,0.5836675763130188,,,,00:00:42,42,-15.7648,-47.8561,"Viveiro de Plantas Medicinais, Asa Norte",birdnet
C:\Users\Roberto Cavalcanti\Documents\projeto-vitoria-araujo-bioacustica-2026-06\audiomoth-co-2025-1101-borda-matinha-semana1\20250416_155000.WAV,2025-04-16 12:50:39.000,2025-04-16 12:50:42.000,Tem-Farinha-Aí,Myrmorchilus strigilatus,0.7614685893058777,,,,00:00:39,39,-15.7648,-47.8561,"Viveiro de Plantas Medicinais, Asa Norte",birdnet
C:\Users\Roberto Cavalcanti\Documents\projeto-vitoria-araujo-bioacustica-2026-06\audiomoth-co-2025-1101-borda-matinha-semana1\20250416_184000.WAV,2025-04-16 15:40:30.000,2025-04-16 15:40:33.000,Pitiguari,Cyclarhis gujanensis,0.6375613808631897,,,,00:00:30,30,-15.7648,-47.8561,"Viveiro de Plantas Medicinais, Asa Norte",birdnet
C:\Users\Roberto Cavalcanti\Documents\projeto-vitoria-araujo-bioacustica-2026-06\audiomoth-co-2025-1101-borda-matinha-semana1\20250416_223000.WAV,2025-04-16 19:30:24.000,2025-04-16 19:30:27.000,Caneleiro-Preto,Pachyramphus polychopterus,0.519377589225769,,,,00:00:24,24,-15.7648,-47.8561,"Viveiro de Plantas Medicinais, Asa Norte",birdnet
C:\Users\Roberto Cavalcanti\Documents\projeto-vitoria-araujo-bioacustica-2026-06\audiomoth-co-2025-1101-borda-matinha-semana1\20250416_232000.WAV,2025-04-16 20:20:15.000,2025-04-16 20:20:18.000,Jaó,Crypturellus undulatus,0.5842537879943848,,,,00:00:15,15,-15.7648,-47.8561,"Viveiro de Plantas Medicinais, Asa Norte",birdnet
C:\Users\Roberto Cavalcanti\Documents\projeto-vitoria-araujo-bioacustica-2026-06\audiomoth-co-2025-1101-borda-matinha-semana1\20250416_232000.WAV,2025-04-16 20:20:42.000,2025-04-16 20:20:45.000,Caneleiro-Preto,Pachyramphus polychopterus,0.5413580536842346,,,,00:00:42,42,-15.7648,-47.8561,"Viveiro de Plantas Medicinais, Asa Norte",birdnet
C:\Users\Roberto Cavalcanti\Documents\projeto-vitoria-araujo-bioacustica-2026-06\audiomoth-co-2025-1101-borda-matinha-semana1\20250417_005000.WAV,2025-04-16 21:50:48.000,2025-04-16 21:50:51.000,Caneleiro-Preto,Pachyramphus polychopterus,0.5695172548294067,,,,00:00:48,48,-15.7648,-47.8561,"Viveiro de Plantas Medicinais, Asa Norte",birdnet
C:\Users\Roberto Cavalcanti\Documents\projeto-vitoria-araujo-bioacustica-2026-06\audiomoth-co-2025-1101-borda-matinha-semana1\20250417_012000.WAV,2025-04-16 22:20:48.000,2025-04-16 22:20:51.000,Caneleiro-Preto,Pachyramphus polychopterus,0.4636906385421753,,,,00:00:48,48,-15.7648,-47.8561,"Viveiro de Plantas Medicinais, Asa Norte",birdnet
C:\Users\Roberto Cavalcanti\Documents\projeto-vitoria-araujo-bioacustica-2026-06\audiomoth-co-2025-1101-borda-matinha-semana1\20250417_020000.WAV,2025-04-16 23:00:00.000,2025-04-16 23:00:03.000,Jaó,Crypturellus undulatus,0.604982316493988,,,,00:00:00,0,-15.7648,-47.8561,"Viveiro de Plantas Medicinais, Asa Norte",birdnet
C:\Users\Roberto Cavalcanti\Documents\projeto-vitoria-araujo-bioacustica-2026-06\audiomoth-co-2025-1101-borda-matinha-semana1\20250417_021000.WAV,2025-04-16 23:10:27.000,2025-04-16 23:10:30.000,Caneleiro-Preto,Pachyramphus polychopterus,0.4882428050041199,,,,00:00:27,27,-15.7648,-47.8561,"Viveiro de Plantas Medicinais, Asa Norte",birdnet
C:\Users\Roberto Cavalcanti\Documents\projeto-vitoria-araujo-bioacustica-2026-06\audiomoth-co-2025-1101-borda-matinha-semana1\20250417_021000.WAV,2025-04-16 23:10:42.000,2025-04-16 23:10:45.000,Jaó,Crypturellus undulatus,0.5961335897445679,,,,00:00:42,42,-15.7648,-47.8561,"Viveiro de Plantas Medicinais, Asa Norte",birdnet
C:\Users\Roberto Cavalcanti\Documents\projeto-vitoria-araujo-bioacustica-2026-06\audiomoth-co-2025-1101-borda-matinha-semana1\20250417_022000.WAV,2025-04-16 23:20:39.000,2025-04-16 23:20:42.000,Caneleiro-Preto,Pachyramphus polychopterus,0.49042025208473206,,,,00:00:39,39,-15.7648,-47.8561,"Viveiro de Plantas Medicinais, Asa Norte",birdnet
C:\Users\Roberto Cavalcanti\Documents\projeto-vitoria-araujo-bioacustica-2026-06\audiomoth-co-2025-1101-borda-matinha-semana1\20250417_042000.WAV,2025-04-17 01:20:36.000,2025-04-17 01:20:39.000,Jaó,Crypturellus undulatus,0.57447350025177,,,,00:00:36,36,-15.7648,-47.8561,"Viveiro de Plantas Medicinais, Asa Norte",birdnet
C:\Users\Roberto Cavalcanti\Documents\projeto-vitoria-araujo-bioacustica-2026-06\audiomoth-co-2025-1101-borda-matinha-semana1\20250417_042000.WAV,2025-04-17 01:20:57.000,2025-04-17 01:21:00.000,Caneleiro-Preto,Pachyramphus polychopterus,0.48160383105278015,,,,00:00:57,57,-15.7648,-47.8561,"Viveiro de Plantas Medicinais, Asa Norte",birdnet
C:\Users\Roberto Cavalcanti\Documents\projeto-vitoria-araujo-bioacustica-2026-06\audiomoth-co-2025-1101-borda-matinha-semana1\20250417_043000.WAV,2025-04-17 01:30:51.000,2025-04-17 01:30:54.000,Caneleiro-Preto,Pachyramphus polychopterus,0.4745502769947052,,,,00:00:51,51,-15.7648,-47.8561,"Viveiro de Plantas Medicinais, Asa Norte",birdnet
C:\Users\Roberto Cavalcanti\Documents\projeto-vitoria-araujo-bioacustica-2026-06\audiomoth-co-2025-1101-borda-matinha-semana1\20250417_102000.WAV,2025-04-17 07:20:21.000,2025-04-17 07:20:24.000,Borralhara,Mackenziaena severa,0.7136973738670349,,,,00:00:21,21,-15.7648,-47.8561,"Viveiro de Plantas Medicinais, Asa Norte",birdnet
C:\Users\Roberto Cavalcanti\Documents\projeto-vitoria-araujo-bioacustica-2026-06\audiomoth-co-2025-1101-borda-matinha-semana1\20250417_130000.WAV,2025-04-17 10:00:00.000,2025-04-17 10:00:03.000,Bem-Te-Vi,Pitangus sulphuratus,0.9396449327468872,,,,00:00:00,0,-15.7648,-47.8561,"Viveiro de Plantas Medicinais, Asa Norte",birdnet
C:\Users\Roberto Cavalcanti\Documents\projeto-vitoria-araujo-bioacustica-2026-06\audiomoth-co-2025-1101-borda-matinha-semana1\20250417_130000.WAV,2025-04-17 10:00:09.000,2025-04-17 10:00:12.000,Bem-Te-Vi,Pitangus sulphuratus,0.8500566482543945,,,,00:00:09,9,-15.7648,-47.8561,"Viveiro de Plantas Medicinais, Asa Norte",birdnet
C:\Users\Roberto Cavalcanti\Documents\projeto-vitoria-araujo-bioacustica-2026-06\audiomoth-co-2025-1101-borda-matinha-semana1\20250417_130000.WAV,2025-04-17 10:00:21.000,2025-04-17 10:00:24.000,Bem-Te-Vi,Pitangus sulphuratus,0.8624037504196167,,,,00:00:21,21,-15.7648,-47.8561,"Viveiro de Plantas Medicinais, Asa Norte",birdnet
C:\Users\Roberto Cavalcanti\Documents\projeto-vitoria-araujo-bioacustica-2026-06\audiomoth-co-2025-1101-borda-matinha-semana1\20250417_130000.WAV,2025-04-17 10:00:27.000,2025-04-17 10:00:30.000,Bem-Te-Vi,Pitangus sulphuratus,0.7050626277923584,,,,00:00:27,27,-15.7648,-47.8561,"Viveiro de Plantas Medicinais, Asa Norte",birdnet
C:\Users\Roberto Cavalcanti\Documents\projeto-vitoria-araujo-bioacustica-2026-06\audiomoth-co-2025-1101-borda-matinha-semana1\20250417_130000.WAV,2025-04-17 10:00:54.000,2025-04-17 10:00:57.000,Bem-Te-Vi,Pitangus sulphuratus,0.5177429914474487,,,,00:00:54,54,-15.7648,-47.8561,"Viveiro de Plantas Medicinais, Asa Norte",birdnet
C:\Users\Roberto Cavalcanti\Documents\projeto-vitoria-araujo-bioacustica-2026-06\audiomoth-co-2025-1101-borda-matinha-semana1\20250417_174000.WAV,2025-04-17 14:40:57.000,2025-04-17 14:41:00.000,Suiriri,Tyrannus melancholicus,0.6142148375511169,,,,00:00:57,57,-15.7648,-47.8561,"Viveiro de Plantas Medicinais, Asa Norte",birdnet
C:\Users\Roberto Cavalcanti\Documents\projeto-vitoria-araujo-bioacustica-2026-06\audiomoth-co-2025-1101-borda-matinha-semana1\20250417_175000.WAV,2025-04-17 14:50:57.000,2025-04-17 14:51:00.000,Bem-Te-Vi,Pitangus sulphuratus,0.5392286777496338,,,,00:00:57,57,-15.7648,-47.8561,"Viveiro de Plantas Medicinais, Asa Norte",birdnet
C:\Users\Roberto Cavalcanti\Documents\projeto-vitoria-araujo-bioacustica-2026-06\audiomoth-co-2025-1101-borda-matinha-semana1\20250417_183000.WAV,2025-04-17 15:30:21.000,2025-04-17 15:30:24.000,Periquito-De-Encontro-Amarelo,Brotogeris chiriri,0.577578604221344,,,,00:00:21,21,-15.7648,-47.8561,"Viveiro de Plantas Medicinais, Asa Norte",birdnet
C:\Users\Roberto Cavalcanti\Documents\projeto-vitoria-araujo-bioacustica-2026-06\audiomoth-co-2025-1101-borda-matinha-semana1\20250417_190000.WAV,2025-04-17 16:00:36.000,2025-04-17 16:00:39.000,Periquito-De-Encontro-Amarelo,Brotogeris chiriri,0.5166581869125366,,,,00:00:36,36,-15.7648,-47.8561,"Viveiro de Plantas Medicinais, Asa Norte",birdnet
C:\Users\Roberto Cavalcanti\Documents\projeto-vitoria-araujo-bioacustica-2026-06\audiomoth-co-2025-1101-borda-matinha-semana1\20250417_235000.WAV,2025-04-17 20:50:18.000,2025-04-17 20:50:21.000,Jaó,Crypturellus undulatus,0.6455149054527283,,,,00:00:18,18,-15.7648,-47.8561,"Viveiro de Plantas Medicinais, Asa Norte",birdnet
C:\Users\Roberto Cavalcanti\Documents\projeto-vitoria-araujo-bioacustica-2026-06\audiomoth-co-2025-1101-borda-matinha-semana1\20250418_044000.WAV,2025-04-18 01:40:12.000,2025-04-18 01:40:15.000,Caneleiro-Preto,Pachyramphus polychopterus,0.6633346676826477,,,,00:00:12,12,-15.7648,-47.8561,"Viveiro de Plantas Medicinais, Asa Norte",birdnet
C:\Users\Roberto Cavalcanti\Documents\projeto-vitoria-araujo-bioacustica-2026-06\audiomoth-co-2025-1101-borda-matinha-semana1\20250418_064000.WAV,2025-04-18 03:40:30.000,2025-04-18 03:40:33.000,Cigarra-Bambu,Haplospiza unicolor,0.7705326080322266,,,,00:00:30,30,-15.7648,-47.8561,"Viveiro de Plantas Medicinais, Asa Norte",birdnet
C:\Users\Roberto Cavalcanti\Documents\projeto-vitoria-araujo-bioacustica-2026-06\audiomoth-co-2025-1101-borda-matinha-semana1\20250418_065000.WAV,2025-04-18 03:50:57.000,2025-04-18 03:51:00.000,Cigarra-Bambu,Haplospiza unicolor,0.6131224036216736,,,,00:00:57,57,-15.7648,-47.8561,"Viveiro de Plantas Medicinais, Asa Norte",birdnet
C:\Users\Roberto Cavalcanti\Documents\projeto-vitoria-araujo-bioacustica-2026-06\audiomoth-co-2025-1101-borda-matinha-semana1\20250418_082000.WAV,2025-04-18 05:20:00.000,2025-04-18 05:20:03.000,Saracura-Três-Potes,Aramides cajaneus,0.9905077219009399,,,,00:00:00,0,-15.7648,-47.8561,"Viveiro de Plantas Medicinais, Asa Norte",birdnet
C:\Users\Roberto Cavalcanti\Documents\projeto-vitoria-araujo-bioacustica-2026-06\audiomoth-co-2025-1101-borda-matinha-semana1\20250418_082000.WAV,2025-04-18 05:20:03.000,2025-04-18 05:20:06.000,Saracura-Três-Potes,Aramides cajaneus,0.9914425015449524,,,,00:00:03,3,-15.7648,-47.8561,"Viveiro de Plantas Medicinais, Asa Norte",birdnet
C:\Users\Roberto Cavalcanti\Documents\projeto-vitoria-araujo-bioacustica-2026-06\audiomoth-co-2025-1101-borda-matinha-semana1\20250418_082000.WAV,2025-04-18 05:20:06.000,2025-04-18 05:20:09.000,Saracura-Três-Potes,Aramides cajaneus,0.9766809344291687,,,,00:00:06,6,-15.7648,-47.8561,"Viveiro de Plantas Medicinais, Asa Norte",birdnet
C:\Users\Roberto Cavalcanti\Documents\projeto-vitoria-araujo-bioacustica-2026-06\audiomoth-co-2025-1101-borda-matinha-semana1\20250418_082000.WAV,2025-04-18 05:20:09.000,2025-04-18 05:20:12.000,Saracura-Três-Potes,Aramides cajaneus,0.997422456741333,,,,00:00:09,9,-15.7648,-47.8561,"Viveiro de Plantas Medicinais, Asa Norte",birdnet
C:\Users\Roberto Cavalcanti\Documents\projeto-vitoria-araujo-bioacustica-2026-06\audiomoth-co-2025-1101-borda-matinha-semana1\20250418_082000.WAV,2025-04-18 05:20:12.000,2025-04-18 05:20:15.000,Saracura-Três-Potes,Aramides cajaneus,0.997168242931366,,,,00:00:12,12,-15.7648,-47.8561,"Viveiro de Plantas Medicinais, Asa Norte",birdnet
C:\Users\Roberto Cavalcanti\Documents\projeto-vitoria-araujo-bioacustica-2026-06\audiomoth-co-2025-1101-borda-matinha-semana1\20250418_082000.WAV,2025-04-18 05:20:15.000,2025-04-18 05:20:18.000,Saracura-Três-Potes,Aramides cajaneus,0.9982423782348633,,,,00:00:15,15,-15.7648,-47.8561,"Viveiro de Plantas Medicinais, Asa Norte",birdnet
C:\Users\Roberto Cavalcanti\Documents\projeto-vitoria-araujo-bioacustica-2026-06\audiomoth-co-2025-1101-borda-matinha-semana1\20250418_082000.WAV,2025-04-18 05:20:18.000,2025-04-18 05:20:21.000,Saracura-Três-Potes,Aramides cajaneus,0.997016191482544,,,,00:00:18,18,-15.7648,-47.8561,"Viveiro de Plantas Medicinais, Asa Norte",birdnet
C:\Users\Roberto Cavalcanti\Documents\projeto-vitoria-araujo-bioacustica-2026-06\audiomoth-co-2025-1101-borda-matinha-semana1\20250418_082000.WAV,2025-04-18 05:20:21.000,2025-04-18 05:20:24.000,Saracura-Três-Potes,Aramides cajaneus,0.9590141773223877,,,,00:00:21,21,-15.7648,-47.8561,"Viveiro de Plantas Medicinais, Asa Norte",birdnet
C:\Users\Roberto Cavalcanti\Documents\projeto-vitoria-araujo-bioacustica-2026-06\audiomoth-co-2025-1101-borda-matinha-semana1\20250418_082000.WAV,2025-04-18 05:20:24.000,2025-04-18 05:20:27.000,Saracura-Três-Potes,Aramides cajaneus,0.9781306385993958,,,,00:00:24,24,-15.7648,-47.8561,"Viveiro de Plantas Medicinais, Asa Norte",birdnet
C:\Users\Roberto Cavalcanti\Documents\projeto-vitoria-araujo-bioacustica-2026-06\audiomoth-co-2025-1101-borda-matinha-semana1\20250418_082000.WAV,2025-04-18 05:20:27.000,2025-04-18 05:20:30.000,Saracura-Três-Potes,Aramides cajaneus,0.9557622671127319,,,,00:00:27,27,-15.7648,-47.8561,"Viveiro de Plantas Medicinais, Asa Norte",birdnet
C:\Users\Roberto Cavalcanti\Documents\projeto-vitoria-araujo-bioacustica-2026-06\audiomoth-co-2025-1101-borda-matinha-semana1\20250418_082000.WAV,2025-04-18 05:20:30.000,2025-04-18 05:20:33.000,Saracura-Três-Potes,Aramides cajaneus,0.9169813990592957,,,,00:00:30,30,-15.7648,-47.8561,"Viveiro de Plantas Medicinais, Asa Norte",birdnet
C:\Users\Roberto Cavalcanti\Documents\projeto-vitoria-araujo-bioacustica-2026-06\audiomoth-co-2025-1101-borda-matinha-semana1\20250418_082000.WAV,2025-04-18 05:20:33.000,2025-04-18 05:20:36.000,Saracura-Três-Potes,Aramides cajaneus,0.9457849264144897,,,,00:00:33,33,-15.7648,-47.8561,"Viveiro de Plantas Medicinais, Asa Norte",birdnet
C:\Users\Roberto Cavalcanti\Documents\projeto-vitoria-araujo-bioacustica-2026-06\audiomoth-co-2025-1101-borda-matinha-semana1\20250418_082000.WAV,2025-04-18 05:20:36.000,2025-04-18 05:20:39.000,Saracura-Três-Potes,Aramides cajaneus,0.977295458316803,,,,00:00:36,36,-15.7648,-47.8561,"Viveiro de Plantas Medicinais, Asa Norte",birdnet
C:\Users\Roberto Cavalcanti\Documents\projeto-vitoria-araujo-bioacustica-2026-06\audiomoth-co-2025-1101-borda-matinha-semana1\20250418_082000.WAV,2025-04-18 05:20:39.000,2025-04-18 05:20:42.000,Saracura-Três-Potes,Aramides cajaneus,0.9776230454444885,,,,00:00:39,39,-15.7648,-47.8561,"Viveiro de Plantas Medicinais, Asa Norte",birdnet
C:\Users\Roberto Cavalcanti\Documents\projeto-vitoria-araujo-bioacustica-2026-06\audiomoth-co-2025-1101-borda-matinha-semana1\20250418_082000.WAV,2025-04-18 05:20:42.000,2025-04-18 05:20:45.000,Saracura-Três-Potes,Aramides cajaneus,0.9908338189125061,,,,00:00:42,42,-15.7648,-47.8561,"Viveiro de Plantas Medicinais, Asa Norte",birdnet
C:\Users\Roberto Cavalcanti\Documents\projeto-vitoria-araujo-bioacustica-2026-06\audiomoth-co-2025-1101-borda-matinha-semana1\20250418_082000.WAV,2025-04-18 05:20:45.000,2025-04-18 05:20:48.000,Saracura-Três-Potes,Aramides cajaneus,0.9915033578872681,,,,00:00:45,45,-15.7648,-47.8561,"Viveiro de Plantas Medicinais, Asa Norte",birdnet
C:\Users\Roberto Cavalcanti\Documents\projeto-vitoria-araujo-bioacustica-2026-06\audiomoth-co-2025-1101-borda-matinha-semana1\20250418_082000.WAV,2025-04-18 05:20:48.000,2025-04-18 05:20:51.000,Saracura-Três-Potes,Aramides cajaneus,0.9898977279663086,,,,00:00:48,48,-15.7648,-47.8561,"Viveiro de Plantas Medicinais, Asa Norte",birdnet
C:\Users\Roberto Cavalcanti\Documents\projeto-vitoria-araujo-bioacustica-2026-06\audiomoth-co-2025-1101-borda-matinha-semana1\20250418_082000.WAV,2025-04-18 05:20:51.000,2025-04-18 05:20:54.000,Saracura-Três-Potes,Aramides cajaneus,0.9957257509231567,,,,00:00:51,51,-15.7648,-47.8561,"Viveiro de Plantas Medicinais, Asa Norte",birdnet
C:\Users\Roberto Cavalcanti\Documents\projeto-vitoria-araujo-bioacustica-2026-06\audiomoth-co-2025-1101-borda-matinha-semana1\20250418_082000.WAV,2025-04-18 05:20:54.000,2025-04-18 05:20:57.000,Saracura-Três-Potes,Aramides cajaneus,0.9801033139228821,,,,00:00:54,54,-15.7648,-47.8561,"Viveiro de Plantas Medicinais, Asa Norte",birdnet
C:\Users\Roberto Cavalcanti\Documents\projeto-vitoria-araujo-bioacustica-2026-06\audiomoth-co-2025-1101-borda-matinha-semana1\20250418_082000.WAV,2025-04-18 05:20:57.000,2025-04-18 05:21:00.000,Saracura-Três-Potes,Aramides cajaneus,0.9974426031112671,,,,00:00:57,57,-15.7648,-47.8561,"Viveiro de Plantas Medicinais, Asa Norte",birdnet
C:\Users\Roberto Cavalcanti\Documents\projeto-vitoria-araujo-bioacustica-2026-06\audiomoth-co-2025-1101-borda-matinha-semana1\20250418_085000.WAV,2025-04-18 05:50:27.000,2025-04-18 05:50:30.000,Coró-Coró,Mesembrinibis cayennensis,0.5570676922798157,,,,00:00:27,27,-15.7648,-47.8561,"Viveiro de Plantas Medicinais, Asa Norte",birdnet
C:\Users\Roberto Cavalcanti\Documents\projeto-vitoria-araujo-bioacustica-2026-06\audiomoth-co-2025-1101-borda-matinha-semana1\20250418_085000.WAV,2025-04-18 05:50:30.000,2025-04-18 05:50:33.000,Coró-Coró,Mesembrinibis cayennensis,0.9882979989051819,,,,00:00:30,30,-15.7648,-47.8561,"Viveiro de Plantas Medicinais, Asa Norte",birdnet
C:\Users\Roberto Cavalcanti\Documents\projeto-vitoria-araujo-bioacustica-2026-06\audiomoth-co-2025-1101-borda-matinha-semana1\20250418_085000.WAV,2025-04-18 05:50:33.000,2025-04-18 05:50:36.000,Coró-Coró,Mesembrinibis cayennensis,0.9965543746948242,,,,00:00:33,33,-15.7648,-47.8561,"Viveiro de Plantas Medicinais, Asa Norte",birdnet
C:\Users\Roberto Cavalcanti\Documents\projeto-vitoria-araujo-bioacustica-2026-06\audiomoth-co-2025-1101-borda-matinha-semana1\20250418_085000.WAV,2025-04-18 05:50:36.000,2025-04-18 05:50:39.000,Coró-Coró,Mesembrinibis cayennensis,0.9567553400993347,,,,00:00:36,36,-15.7648,-47.8561,"Viveiro de Plantas Medicinais, Asa Norte",birdnet
C:\Users\Roberto Cavalcanti\Documents\projeto-vitoria-araujo-bioacustica-2026-06\audiomoth-co-2025-1101-borda-matinha-semana1\20250418_085000.WAV,2025-04-18 05:50:48.000,2025-04-18 05:50:51.000,Caburé-Acanelado,Aegolius harrisii,0.9575983881950378,,,,00:00:48,48,-15.7648,-47.8561,"Viveiro de Plantas Medicinais, Asa Norte",birdnet
C:\Users\Roberto Cavalcanti\Documents\projeto-vitoria-araujo-bioacustica-2026-06\audiomoth-co-2025-1101-borda-matinha-semana1\20250418_101000.WAV,2025-04-18 07:10:15.000,2025-04-18 07:10:18.000,Pitiguari,Cyclarhis gujanensis,0.4646971821784973,,,,00:00:15,15,-15.7648,-47.8561,"Viveiro de Plantas Medicinais, Asa Norte",birdnet
C:\Users\Roberto Cavalcanti\Documents\projeto-vitoria-araujo-bioacustica-2026-06\audiomoth-co-2025-1101-borda-matinha-semana1\20250418_103000.WAV,2025-04-18 07:30:06.000,2025-04-18 07:30:09.000,Gavião-Carijó,Rupornis magnirostris,0.502972424030304,,,,00:00:06,6,-15.7648,-47.8561,"Viveiro de Plantas Medicinais, Asa Norte",birdnet
C:\Users\Roberto Cavalcanti\Documents\projeto-vitoria-araujo-bioacustica-2026-06\audiomoth-co-2025-1101-borda-matinha-semana1\20250418_103000.WAV,2025-04-18 07:30:12.000,2025-04-18 07:30:15.000,Bem-Te-Vi,Pitangus sulphuratus,0.8363164663314819,,,,00:00:12,12,-15.7648,-47.8561,"Viveiro de Plantas Medicinais, Asa Norte",birdnet
C:\Users\Roberto Cavalcanti\Documents\projeto-vitoria-araujo-bioacustica-2026-06\audiomoth-co-2025-1101-borda-matinha-semana1\20250418_103000.WAV,2025-04-18 07:30:30.000,2025-04-18 07:30:33.000,Bem-Te-Vi,Pitangus sulphuratus,0.5337895750999451,,,,00:00:30,30,-15.7648,-47.8561,"Viveiro de Plantas Medicinais, Asa Norte",birdnet
C:\Users\Roberto Cavalcanti\Documents\projeto-vitoria-araujo-bioacustica-2026-06\audiomoth-co-2025-1101-borda-matinha-semana1\20250418_103000.WAV,2025-04-18 07:30:33.000,2025-04-18 07:30:36.000,Bem-Te-Vi,Pitangus sulphuratus,0.6892765164375305,,,,00:00:33,33,-15.7648,-47.8561,"Viveiro de Plantas Medicinais, Asa Norte",birdnet
C:\Users\Roberto Cavalcanti\Documents\projeto-vitoria-araujo-bioacustica-2026-06\audiomoth-co-2025-1101-borda-matinha-semana1\20250418_110000.WAV,2025-04-18 08:00:42.000,2025-04-18 08:00:45.000,Papagaio-De-Peito-Roxo,Amazona vinacea,0.47531023621559143,,,,00:00:42,42,-15.7648,-47.8561,"Viveiro de Plantas Medicinais, Asa Norte",birdnet
C:\Users\Roberto Cavalcanti\Documents\projeto-vitoria-araujo-bioacustica-2026-06\audiomoth-co-2025-1101-borda-matinha-semana1\20250418_112000.WAV,2025-04-18 08:20:57.000,2025-04-18 08:21:00.000,Neinei,Megarynchus pitangua,0.4974958598613739,,,,00:00:57,57,-15.7648,-47.8561,"Viveiro de Plantas Medicinais, Asa Norte",birdnet
C:\Users\Roberto Cavalcanti\Documents\projeto-vitoria-araujo-bioacustica-2026-06\audiomoth-co-2025-1101-borda-matinha-semana1\20250418_114000.WAV,2025-04-18 08:40:09.000,2025-04-18 08:40:12.000,Sanhaço-Do-Coqueiro,Thraupis palmarum,0.6393399238586426,,,,00:00:09,9,-15.7648,-47.8561,"Viveiro de Plantas Medicinais, Asa Norte",birdnet
C:\Users\Roberto Cavalcanti\Documents\projeto-vitoria-araujo-bioacustica-2026-06\audiomoth-co-2025-1101-borda-matinha-semana1\20250418_114000.WAV,2025-04-18 08:40:18.000,2025-04-18 08:40:21.000,Sanhaço-Do-Coqueiro,Thraupis palmarum,0.7083404660224915,,,,00:00:18,18,-15.7648,-47.8561,"Viveiro de Plantas Medicinais, Asa Norte",birdnet
C:\Users\Roberto Cavalcanti\Documents\projeto-vitoria-araujo-bioacustica-2026-06\audiomoth-co-2025-1101-borda-matinha-semana1\20250418_114000.WAV,2025-04-18 08:40:30.000,2025-04-18 08:40:33.000,Sanhaço-Do-Coqueiro,Thraupis palmarum,0.593632161617279,,,,00:00:30,30,-15.7648,-47.8561,"Viveiro de Plantas Medicinais, Asa Norte",birdnet
C:\Users\Roberto Cavalcanti\Documents\projeto-vitoria-araujo-bioacustica-2026-06\audiomoth-co-2025-1101-borda-matinha-semana1\20250418_114000.WAV,2025-04-18 08:40:33.000,2025-04-18 08:40:36.000,Sanhaço-Do-Coqueiro,Thraupis palmarum,0.6155824661254883,,,,00:00:33,33,-15.7648,-47.8561,"Viveiro de Plantas Medicinais, Asa Norte",birdnet
C:\Users\Roberto Cavalcanti\Documents\projeto-vitoria-araujo-bioacustica-2026-06\audiomoth-co-2025-1101-borda-matinha-semana1\20250418_114000.WAV,2025-04-18 08:40:36.000,2025-04-18 08:40:39.000,Sanhaço-Do-Coqueiro,Thraupis palmarum,0.6949240565299988,,,,00:00:36,36,-15.7648,-47.8561,"Viveiro de Plantas Medicinais, Asa Norte",birdnet
C:\Users\Roberto Cavalcanti\Documents\projeto-vitoria-araujo-bioacustica-2026-06\audiomoth-co-2025-1101-borda-matinha-semana1\20250418_121000.WAV,2025-04-18 09:10:24.000,2025-04-18 09:10:27.000,Trepador-Quiete,Syndactyla rufosuperciliata,0.5532458424568176,,,,00:00:24,24,-15.7648,-47.8561,"Viveiro de Plantas Medicinais, Asa Norte",birdnet
C:\Users\Roberto Cavalcanti\Documents\projeto-vitoria-araujo-bioacustica-2026-06\audiomoth-co-2025-1101-borda-matinha-semana1\20250418_123000.WAV,2025-04-18 09:30:30.000,2025-04-18 09:30:33.000,Yellow-Headed Caracara,Milvago chimachima,0.6173179149627686,,,,00:00:30,30,-15.7648,-47.8561,"Viveiro de Plantas Medicinais, Asa Norte",birdnet
C:\Users\Roberto Cavalcanti\Documents\projeto-vitoria-araujo-bioacustica-2026-06\audiomoth-co-2025-1101-borda-matinha-semana1\20250418_144000.WAV,2025-04-18 11:40:24.000,2025-04-18 11:40:27.000,Maria-Cavaleira,Myiarchus ferox,0.6330615282058716,,,,00:00:24,24,-15.7648,-47.8561,"Viveiro de Plantas Medicinais, Asa Norte",birdnet
C:\Users\Roberto Cavalcanti\Documents\projeto-vitoria-araujo-bioacustica-2026-06\audiomoth-co-2025-1101-borda-matinha-semana1\20250418_145000.WAV,2025-04-18 11:50:06.000,2025-04-18 11:50:09.000,Bacurau-Norte-Americano,Chordeiles minor,0.5259074568748474,,,,00:00:06,6,-15.7648,-47.8561,"Viveiro de Plantas Medicinais, Asa Norte",birdnet
C:\Users\Roberto Cavalcanti\Documents\projeto-vitoria-araujo-bioacustica-2026-06\audiomoth-co-2025-1101-borda-matinha-semana1\20250418_163000.WAV,2025-04-18 13:30:54.000,2025-04-18 13:30:57.000,Bem-Te-Vi,Pitangus sulphuratus,0.6271690726280212,,,,00:00:54,54,-15.7648,-47.8561,"Viveiro de Plantas Medicinais, Asa Norte",birdnet
C:\Users\Roberto Cavalcanti\Documents\projeto-vitoria-araujo-bioacustica-2026-06\audiomoth-co-2025-1101-borda-matinha-semana1\20250418_172000.WAV,2025-04-18 14:20:09.000,2025-04-18 14:20:12.000,Bem-Te-Vi,Pitangus sulphuratus,0.6335955858230591,,,,00:00:09,9,-15.7648,-47.8561,"Viveiro de Plantas Medicinais, Asa Norte",birdnet
C:\Users\Roberto Cavalcanti\Documents\projeto-vitoria-araujo-bioacustica-2026-06\audiomoth-co-2025-1101-borda-matinha-semana1\20250419_033000.WAV,2025-04-19 00:30:51.000,2025-04-19 00:30:54.000,Caneleiro-Preto,Pachyramphus polychopterus,0.6400010585784912,,,,00:00:51,51,-15.7648,-47.8561,"Viveiro de Plantas Medicinais, Asa Norte",birdnet
C:\Users\Roberto Cavalcanti\Documents\projeto-vitoria-araujo-bioacustica-2026-06\audiomoth-co-2025-1101-borda-matinha-semana1\20250419_033000.WAV,2025-04-19 00:30:54.000,2025-04-19 00:30:57.000,Caneleiro-Preto,Pachyramphus polychopterus,0.7426974177360535,,,,00:00:54,54,-15.7648,-47.8561,"Viveiro de Plantas Medicinais, Asa Norte",birdnet
C:\Users\Roberto Cavalcanti\Documents\projeto-vitoria-araujo-bioacustica-2026-06\audiomoth-co-2025-1101-borda-matinha-semana1\20250419_033000.WAV,2025-04-19 00:30:57.000,2025-04-19 00:31:00.000,Caneleiro-Preto,Pachyramphus polychopterus,0.5312272310256958,,,,00:00:57,57,-15.7648,-47.8561,"Viveiro de Plantas Medicinais, Asa Norte",birdnet
C:\Users\Roberto Cavalcanti\Documents\projeto-vitoria-araujo-bioacustica-2026-06\audiomoth-co-2025-1101-borda-matinha-semana1\20250419_040000.WAV,2025-04-19 01:00:18.000,2025-04-19 01:00:21.000,Jaó,Crypturellus undulatus,0.6453347206115723,,,,00:00:18,18,-15.7648,-47.8561,"Viveiro de Plantas Medicinais, Asa Norte",birdnet
C:\Users\Roberto Cavalcanti\Documents\projeto-vitoria-araujo-bioacustica-2026-06\audiomoth-co-2025-1101-borda-matinha-semana1\20250419_040000.WAV,2025-04-19 01:00:27.000,2025-04-19 01:00:30.000,Caneleiro-Preto,Pachyramphus polychopterus,0.7355406284332275,,,,00:00:27,27,-15.7648,-47.8561,"Viveiro de Plantas Medicinais, Asa Norte",birdnet
C:\Users\Roberto Cavalcanti\Documents\projeto-vitoria-araujo-bioacustica-2026-06\audiomoth-co-2025-1101-borda-matinha-semana1\20250419_100000.WAV,2025-04-19 07:00:18.000,2025-04-19 07:00:21.000,Bem-Te-Vi,Pitangus sulphuratus,0.5952296257019043,,,,00:00:18,18,-15.7648,-47.8561,"Viveiro de Plantas Medicinais, Asa Norte",birdnet
C:\Users\Roberto Cavalcanti\Documents\projeto-vitoria-araujo-bioacustica-2026-06\audiomoth-co-2025-1101-borda-matinha-semana1\20250419_101000.WAV,2025-04-19 07:10:15.000,2025-04-19 07:10:18.000,Negrinho-Do-Mato,Amaurospiza moesta,0.5982640981674194,,,,00:00:15,15,-15.7648,-47.8561,"Viveiro de Plantas Medicinais, Asa Norte",birdnet
C:\Users\Roberto Cavalcanti\Documents\projeto-vitoria-araujo-bioacustica-2026-06\audiomoth-co-2025-1101-borda-matinha-semana1\20250419_102000.WAV,2025-04-19 07:20:24.000,2025-04-19 07:20:27.000,Picapauzinho-Barrado,Picumnus cirratus,0.5122146606445312,,,,00:00:24,24,-15.7648,-47.8561,"Viveiro de Plantas Medicinais, Asa Norte",birdnet
C:\Users\Roberto Cavalcanti\Documents\projeto-vitoria-araujo-bioacustica-2026-06\audiomoth-co-2025-1101-borda-matinha-semana1\20250419_103000.WAV,2025-04-19 07:30:21.000,2025-04-19 07:30:24.000,Bem-Te-Vi,Pitangus sulphuratus,0.756696343421936,,,,00:00:21,21,-15.7648,-47.8561,"Viveiro de Plantas Medicinais, Asa Norte",birdnet
C:\Users\Roberto Cavalcanti\Documents\projeto-vitoria-araujo-bioacustica-2026-06\audiomoth-co-2025-1101-borda-matinha-semana1\20250419_112000.WAV,2025-04-19 08:20:51.000,2025-04-19 08:20:54.000,Periquito-De-Encontro-Amarelo,Brotogeris chiriri,0.548768937587738,,,,00:00:51,51,-15.7648,-47.8561,"Viveiro de Plantas Medicinais, Asa Norte",birdnet
C:\Users\Roberto Cavalcanti\Documents\projeto-vitoria-araujo-bioacustica-2026-06\audiomoth-co-2025-1101-borda-matinha-semana1\20250419_113000.WAV,2025-04-19 08:30:09.000,2025-04-19 08:30:12.000,Bem-Te-Vi,Pitangus sulphuratus,0.4643862843513489,,,,00:00:09,9,-15.7648,-47.8561,"Viveiro de Plantas Medicinais, Asa Norte",birdnet
C:\Users\Roberto Cavalcanti\Documents\projeto-vitoria-araujo-bioacustica-2026-06\audiomoth-co-2025-1101-borda-matinha-semana1\20250419_113000.WAV,2025-04-19 08:30:12.000,2025-04-19 08:30:15.000,Bem-Te-Vi,Pitangus sulphuratus,0.612511932849884,,,,00:00:12,12,-15.7648,-47.8561,"Viveiro de Plantas Medicinais, Asa Norte",birdnet
C:\Users\Roberto Cavalcanti\Documents\projeto-vitoria-araujo-bioacustica-2026-06\audiomoth-co-2025-1101-borda-matinha-semana1\20250419_113000.WAV,2025-04-19 08:30:15.000,2025-04-19 08:30:18.000,Bem-Te-Vi,Pitangus sulphuratus,0.5784879326820374,,,,00:00:15,15,-15.7648,-47.8561,"Viveiro de Plantas Medicinais, Asa Norte",birdnet
C:\Users\Roberto Cavalcanti\Documents\projeto-vitoria-araujo-bioacustica-2026-06\audiomoth-co-2025-1101-borda-matinha-semana1\20250419_113000.WAV,2025-04-19 08:30:21.000,2025-04-19 08:30:24.000,Bem-Te-Vi,Pitangus sulphuratus,0.6149848699569702,,,,00:00:21,21,-15.7648,-47.8561,"Viveiro de Plantas Medicinais, Asa Norte",birdnet
C:\Users\Roberto Cavalcanti\Documents\projeto-vitoria-araujo-bioacustica-2026-06\audiomoth-co-2025-1101-borda-matinha-semana1\20250419_113000.WAV,2025-04-19 08:30:24.000,2025-04-19 08:30:27.000,Bem-Te-Vi,Pitangus sulphuratus,0.6932453513145447,,,,00:00:24,24,-15.7648,-47.8561,"Viveiro de Plantas Medicinais, Asa Norte",birdnet
C:\Users\Roberto Cavalcanti\Documents\projeto-vitoria-araujo-bioacustica-2026-06\audiomoth-co-2025-1101-borda-matinha-semana1\20250419_113000.WAV,2025-04-19 08:30:30.000,2025-04-19 08:30:33.000,Bem-Te-Vi,Pitangus sulphuratus,0.5114538669586182,,,,00:00:30,30,-15.7648,-47.8561,"Viveiro de Plantas Medicinais, Asa Norte",birdnet
C:\Users\Roberto Cavalcanti\Documents\projeto-vitoria-araujo-bioacustica-2026-06\audiomoth-co-2025-1101-borda-matinha-semana1\20250419_113000.WAV,2025-04-19 08:30:33.000,2025-04-19 08:30:36.000,Bem-Te-Vi,Pitangus sulphuratus,0.6838313341140747,,,,00:00:33,33,-15.7648,-47.8561,"Viveiro de Plantas Medicinais, Asa Norte",birdnet
C:\Users\Roberto Cavalcanti\Documents\projeto-vitoria-araujo-bioacustica-2026-06\audiomoth-co-2025-1101-borda-matinha-semana1\20250419_113000.WAV,2025-04-19 08:30:36.000,2025-04-19 08:30:39.000,Bem-Te-Vi,Pitangus sulphuratus,0.4584258496761322,,,,00:00:36,36,-15.7648,-47.8561,"Viveiro de Plantas Medicinais, Asa Norte",birdnet
C:\Users\Roberto Cavalcanti\Documents\projeto-vitoria-araujo-bioacustica-2026-06\audiomoth-co-2025-1101-borda-matinha-semana1\20250419_113000.WAV,2025-04-19 08:30:39.000,2025-04-19 08:30:42.000,Bem-Te-Vi,Pitangus sulphuratus,0.6797319054603577,,,,00:00:39,39,-15.7648,-47.8561,"Viveiro de Plantas Medicinais, Asa Norte",birdnet
C:\Users\Roberto Cavalcanti\Documents\projeto-vitoria-araujo-bioacustica-2026-06\audiomoth-co-2025-1101-borda-matinha-semana1\20250419_113000.WAV,2025-04-19 08:30:42.000,2025-04-19 08:30:45.000,Bem-Te-Vi,Pitangus sulphuratus,0.9258660078048706,,,,00:00:42,42,-15.7648,-47.8561,"Viveiro de Plantas Medicinais, Asa Norte",birdnet
C:\Users\Roberto Cavalcanti\Documents\projeto-vitoria-araujo-bioacustica-2026-06\audiomoth-co-2025-1101-borda-matinha-semana1\20250419_113000.WAV,2025-04-19 08:30:48.000,2025-04-19 08:30:51.000,Bem-Te-Vi,Pitangus sulphuratus,0.7568626403808594,,,,00:00:48,48,-15.7648,-47.8561,"Viveiro de Plantas Medicinais, Asa Norte",birdnet
C:\Users\Roberto Cavalcanti\Documents\projeto-vitoria-araujo-bioacustica-2026-06\audiomoth-co-2025-1101-borda-matinha-semana1\20250419_113000.WAV,2025-04-19 08:30:54.000,2025-04-19 08:30:57.000,Bem-Te-Vi,Pitangus sulphuratus,0.465855211019516,,,,00:00:54,54,-15.7648,-47.8561,"Viveiro de Plantas Medicinais, Asa Norte",birdnet
C:\Users\Roberto Cavalcanti\Documents\projeto-vitoria-araujo-bioacustica-2026-06\audiomoth-co-2025-1101-borda-matinha-semana1\20250419_120000.WAV,2025-04-19 09:00:06.000,2025-04-19 09:00:09.000,Quero-Quero,Vanellus chilensis,0.8680832386016846,,,,00:00:06,6,-15.7648,-47.8561,"Viveiro de Plantas Medicinais, Asa Norte",birdnet
C:\Users\Roberto Cavalcanti\Documents\projeto-vitoria-araujo-bioacustica-2026-06\audiomoth-co-2025-1101-borda-matinha-semana1\20250419_120000.WAV,2025-04-19 09:00:18.000,2025-04-19 09:00:21.000,Quero-Quero,Vanellus chilensis,0.8000448942184448,,,,00:00:18,18,-15.7648,-47.8561,"Viveiro de Plantas Medicinais, Asa Norte",birdnet
C:\Users\Roberto Cavalcanti\Documents\projeto-vitoria-araujo-bioacustica-2026-06\audiomoth-co-2025-1101-borda-matinha-semana1\20250419_161000.WAV,2025-04-19 13:10:03.000,2025-04-19 13:10:06.000,Bem-Te-Vi,Pitangus sulphuratus,0.5771279335021973,,,,00:00:03,3,-15.7648,-47.8561,"Viveiro de Plantas Medicinais, Asa Norte",birdnet
C:\Users\Roberto Cavalcanti\Documents\projeto-vitoria-araujo-bioacustica-2026-06\audiomoth-co-2025-1101-borda-matinha-semana1\20250419_161000.WAV,2025-04-19 13:10:06.000,2025-04-19 13:10:09.000,Bem-Te-Vi,Pitangus sulphuratus,0.5550982356071472,,,,00:00:06,6,-15.7648,-47.8561,"Viveiro de Plantas Medicinais, Asa Norte",birdnet
C:\Users\Roberto Cavalcanti\Documents\projeto-vitoria-araujo-bioacustica-2026-06\audiomoth-co-2025-1101-borda-matinha-semana1\20250419_161000.WAV,2025-04-19 13:10:09.000,2025-04-19 13:10:12.000,Bem-Te-Vi,Pitangus sulphuratus,0.7459506392478943,,,,00:00:09,9,-15.7648,-47.8561,"Viveiro de Plantas Medicinais, Asa Norte",birdnet
C:\Users\Roberto Cavalcanti\Documents\projeto-vitoria-araujo-bioacustica-2026-06\audiomoth-co-2025-1101-borda-matinha-semana1\20250419_161000.WAV,2025-04-19 13:10:27.000,2025-04-19 13:10:30.000,Bem-Te-Vi,Pitangus sulphuratus,0.717395544052124,,,,00:00:27,27,-15.7648,-47.8561,"Viveiro de Plantas Medicinais, Asa Norte",birdnet
C:\Users\Roberto Cavalcanti\Documents\projeto-vitoria-araujo-bioacustica-2026-06\audiomoth-co-2025-1101-borda-matinha-semana1\20250419_164000.WAV,2025-04-19 13:40:27.000,2025-04-19 13:40:30.000,Bem-Te-Vi,Pitangus sulphuratus,0.48213815689086914,,,,00:00:27,27,-15.7648,-47.8561,"Viveiro de Plantas Medicinais, Asa Norte",birdnet
C:\Users\Roberto Cavalcanti\Documents\projeto-vitoria-araujo-bioacustica-2026-06\audiomoth-co-2025-1101-borda-matinha-semana1\20250419_191000.WAV,2025-04-19 16:10:51.000,2025-04-19 16:10:54.000,Periquito-De-Encontro-Amarelo,Brotogeris chiriri,0.5849083662033081,,,,00:00:51,51,-15.7648,-47.8561,"Viveiro de Plantas Medicinais, Asa Norte",birdnet
C:\Users\Roberto Cavalcanti\Documents\projeto-vitoria-araujo-bioacustica-2026-06\audiomoth-co-2025-1101-borda-matinha-semana1\20250419_211000.WAV,2025-04-19 18:10:00.000,2025-04-19 18:10:03.000,Saracura-Três-Potes,Aramides cajaneus,0.9844282269477844,,,,00:00:00,0,-15.7648,-47.8561,"Viveiro de Plantas Medicinais, Asa Norte",birdnet
C:\Users\Roberto Cavalcanti\Documents\projeto-vitoria-araujo-bioacustica-2026-06\audiomoth-co-2025-1101-borda-matinha-semana1\20250419_211000.WAV,2025-04-19 18:10:03.000,2025-04-19 18:10:06.000,Saracura-Três-Potes,Aramides cajaneus,0.985232412815094,,,,00:00:03,3,-15.7648,-47.8561,"Viveiro de Plantas Medicinais, Asa Norte",birdnet
C:\Users\Roberto Cavalcanti\Documents\projeto-vitoria-araujo-bioacustica-2026-06\audiomoth-co-2025-1101-borda-matinha-semana1\20250420_005000.WAV,2025-04-19 21:50:48.000,2025-04-19 21:50:51.000,Jacurutu,Bubo virginianus,0.7216857671737671,,,,00:00:48,48,-15.7648,-47.8561,"Viveiro de Plantas Medicinais, Asa Norte",birdnet
C:\Users\Roberto Cavalcanti\Documents\projeto-vitoria-araujo-bioacustica-2026-06\audiomoth-co-2025-1101-borda-matinha-semana1\20250420_005000.WAV,2025-04-19 21:50:54.000,2025-04-19 21:50:57.000,Jacurutu,Bubo virginianus,0.6790489554405212,,,,00:00:54,54,-15.7648,-47.8561,"Viveiro de Plantas Medicinais, Asa Norte",birdnet
C:\Users\Roberto Cavalcanti\Documents\projeto-vitoria-araujo-bioacustica-2026-06\audiomoth-co-2025-1101-borda-matinha-semana1\20250420_010000.WAV,2025-04-19 22:00:27.000,2025-04-19 22:00:30.000,Murucututu,Pulsatrix perspicillata,0.6770228743553162,,,,00:00:27,27,-15.7648,-47.8561,"Viveiro de Plantas Medicinais, Asa Norte",birdnet
C:\Users\Roberto Cavalcanti\Documents\projeto-vitoria-araujo-bioacustica-2026-06\audiomoth-co-2025-1101-borda-matinha-semana1\20250420_040000.WAV,2025-04-20 01:00:09.000,2025-04-20 01:00:12.000,Jacurutu,Bubo virginianus,0.5763747096061707,,,,00:00:09,9,-15.7648,-47.8561,"Viveiro de Plantas Medicinais, Asa Norte",birdnet
C:\Users\Roberto Cavalcanti\Documents\projeto-vitoria-araujo-bioacustica-2026-06\audiomoth-co-2025-1101-borda-matinha-semana1\20250420_041000.WAV,2025-04-20 01:10:54.000,2025-04-20 01:10:57.000,Jacurutu,Bubo virginianus,0.49043717980384827,,,,00:00:54,54,-15.7648,-47.8561,"Viveiro de Plantas Medicinais, Asa Norte",birdnet
C:\Users\Roberto Cavalcanti\Documents\projeto-vitoria-araujo-bioacustica-2026-06\audiomoth-co-2025-1101-borda-matinha-semana1\20250420_061000.WAV,2025-04-20 03:10:18.000,2025-04-20 03:10:21.000,Cigarra-Bambu,Haplospiza unicolor,0.5290147662162781,,,,00:00:18,18,-15.7648,-47.8561,"Viveiro de Plantas Medicinais, Asa Norte",birdnet
C:\Users\Roberto Cavalcanti\Documents\projeto-vitoria-araujo-bioacustica-2026-06\audiomoth-co-2025-1101-borda-matinha-semana1\20250420_084000.WAV,2025-04-20 05:40:06.000,2025-04-20 05:40:09.000,Saracura-Três-Potes,Aramides cajaneus,0.8782559037208557,,,,00:00:06,6,-15.7648,-47.8561,"Viveiro de Plantas Medicinais, Asa Norte",birdnet
C:\Users\Roberto Cavalcanti\Documents\projeto-vitoria-araujo-bioacustica-2026-06\audiomoth-co-2025-1101-borda-matinha-semana1\20250420_084000.WAV,2025-04-20 05:40:09.000,2025-04-20 05:40:12.000,Saracura-Três-Potes,Aramides cajaneus,0.985031247138977,,,,00:00:09,9,-15.7648,-47.8561,"Viveiro de Plantas Medicinais, Asa Norte",birdnet
C:\Users\Roberto Cavalcanti\Documents\projeto-vitoria-araujo-bioacustica-2026-06\audiomoth-co-2025-1101-borda-matinha-semana1\20250420_084000.WAV,2025-04-20 05:40:12.000,2025-04-20 05:40:15.000,Saracura-Três-Potes,Aramides cajaneus,0.9720220565795898,,,,00:00:12,12,-15.7648,-47.8561,"Viveiro de Plantas Medicinais, Asa Norte",birdnet
C:\Users\Roberto Cavalcanti\Documents\projeto-vitoria-araujo-bioacustica-2026-06\audiomoth-co-2025-1101-borda-matinha-semana1\20250420_084000.WAV,2025-04-20 05:40:15.000,2025-04-20 05:40:18.000,Saracura-Três-Potes,Aramides cajaneus,0.551185667514801,,,,00:00:15,15,-15.7648,-47.8561,"Viveiro de Plantas Medicinais, Asa Norte",birdnet
C:\Users\Roberto Cavalcanti\Documents\projeto-vitoria-araujo-bioacustica-2026-06\audiomoth-co-2025-1101-borda-matinha-semana1\20250420_084000.WAV,2025-04-20 05:40:24.000,2025-04-20 05:40:27.000,Saracura-Três-Potes,Aramides cajaneus,0.9953399896621704,,,,00:00:24,24,-15.7648,-47.8561,"Viveiro de Plantas Medicinais, Asa Norte",birdnet
C:\Users\Roberto Cavalcanti\Documents\projeto-vitoria-araujo-bioacustica-2026-06\audiomoth-co-2025-1101-borda-matinha-semana1\20250420_084000.WAV,2025-04-20 05:40:27.000,2025-04-20 05:40:30.000,Saracura-Três-Potes,Aramides cajaneus,0.9859921932220459,,,,00:00:27,27,-15.7648,-47.8561,"Viveiro de Plantas Medicinais, Asa Norte",birdnet
C:\Users\Roberto Cavalcanti\Documents\projeto-vitoria-araujo-bioacustica-2026-06\audiomoth-co-2025-1101-borda-matinha-semana1\20250420_084000.WAV,2025-04-20 05:40:30.000,2025-04-20 05:40:33.000,Saracura-Três-Potes,Aramides cajaneus,0.9825071096420288,,,,00:00:30,30,-15.7648,-47.8561,"Viveiro de Plantas Medicinais, Asa Norte",birdnet
C:\Users\Roberto Cavalcanti\Documents\projeto-vitoria-araujo-bioacustica-2026-06\audiomoth-co-2025-1101-borda-matinha-semana1\20250420_084000.WAV,2025-04-20 05:40:33.000,2025-04-20 05:40:36.000,Saracura-Três-Potes,Aramides cajaneus,0.9666937589645386,,,,00:00:33,33,-15.7648,-47.8561,"Viveiro de Plantas Medicinais, Asa Norte",birdnet
C:\Users\Roberto Cavalcanti\Documents\projeto-vitoria-araujo-bioacustica-2026-06\audiomoth-co-2025-1101-borda-matinha-semana1\20250420_084000.WAV,2025-04-20 05:40:42.000,2025-04-20 05:40:45.000,Saracura-Três-Potes,Aramides cajaneus,0.8539506793022156,,,,00:00:42,42,-15.7648,-47.8561,"Viveiro de Plantas Medicinais, Asa Norte",birdnet
C:\Users\Roberto Cavalcanti\Documents\projeto-vitoria-araujo-bioacustica-2026-06\audiomoth-co-2025-1101-borda-matinha-semana1\20250420_084000.WAV,2025-04-20 05:40:45.000,2025-04-20 05:40:48.000,Saracura-Três-Potes,Aramides cajaneus,0.9881761074066162,,,,00:00:45,45,-15.7648,-47.8561,"Viveiro de Plantas Medicinais, Asa Norte",birdnet
C:\Users\Roberto Cavalcanti\Documents\projeto-vitoria-araujo-bioacustica-2026-06\audiomoth-co-2025-1101-borda-matinha-semana1\20250420_084000.WAV,2025-04-20 05:40:48.000,2025-04-20 05:40:51.000,Saracura-Três-Potes,Aramides cajaneus,0.9791855216026306,,,,00:00:48,48,-15.7648,-47.8561,"Viveiro de Plantas Medicinais, Asa Norte",birdnet
C:\Users\Roberto Cavalcanti\Documents\projeto-vitoria-araujo-bioacustica-2026-06\audiomoth-co-2025-1101-borda-matinha-semana1\20250420_084000.WAV,2025-04-20 05:40:51.000,2025-04-20 05:40:54.000,Saracura-Três-Potes,Aramides cajaneus,0.9760006070137024,,,,00:00:51,51,-15.7648,-47.8561,"Viveiro de Plantas Medicinais, Asa Norte",birdnet
C:\Users\Roberto Cavalcanti\Documents\projeto-vitoria-araujo-bioacustica-2026-06\audiomoth-co-2025-1101-borda-matinha-semana1\20250420_084000.WAV,2025-04-20 05:40:54.000,2025-04-20 05:40:57.000,Saracura-Três-Potes,Aramides cajaneus,0.8995983004570007,,,,00:00:54,54,-15.7648,-47.8561,"Viveiro de Plantas Medicinais, Asa Norte",birdnet
C:\Users\Roberto Cavalcanti\Documents\projeto-vitoria-araujo-bioacustica-2026-06\audiomoth-co-2025-1101-borda-matinha-semana1\20250420_085000.WAV,2025-04-20 05:50:00.000,2025-04-20 05:50:03.000,Saracura-Três-Potes,Aramides cajaneus,0.9967948794364929,,,,00:00:00,0,-15.7648,-47.8561,"Viveiro de Plantas Medicinais, Asa Norte",birdnet
C:\Users\Roberto Cavalcanti\Documents\projeto-vitoria-araujo-bioacustica-2026-06\audiomoth-co-2025-1101-borda-matinha-semana1\20250420_085000.WAV,2025-04-20 05:50:03.000,2025-04-20 05:50:06.000,Saracura-Três-Potes,Aramides cajaneus,0.5071864724159241,,,,00:00:03,3,-15.7648,-47.8561,"Viveiro de Plantas Medicinais, Asa Norte",birdnet
C:\Users\Roberto Cavalcanti\Documents\projeto-vitoria-araujo-bioacustica-2026-06\audiomoth-co-2025-1101-borda-matinha-semana1\20250420_085000.WAV,2025-04-20 05:50:06.000,2025-04-20 05:50:09.000,Saracura-Três-Potes,Aramides cajaneus,0.9873772263526917,,,,00:00:06,6,-15.7648,-47.8561,"Viveiro de Plantas Medicinais, Asa Norte",birdnet
C:\Users\Roberto Cavalcanti\Documents\projeto-vitoria-araujo-bioacustica-2026-06\audiomoth-co-2025-1101-borda-matinha-semana1\20250420_085000.WAV,2025-04-20 05:50:09.000,2025-04-20 05:50:12.000,Saracura-Três-Potes,Aramides cajaneus,0.9966950416564941,,,,00:00:09,9,-15.7648,-47.8561,"Viveiro de Plantas Medicinais, Asa Norte",birdnet
C:\Users\Roberto Cavalcanti\Documents\projeto-vitoria-araujo-bioacustica-2026-06\audiomoth-co-2025-1101-borda-matinha-semana1\20250420_085000.WAV,2025-04-20 05:50:12.000,2025-04-20 05:50:15.000,Saracura-Três-Potes,Aramides cajaneus,0.9913015961647034,,,,00:00:12,12,-15.7648,-47.8561,"Viveiro de Plantas Medicinais, Asa Norte",birdnet
C:\Users\Roberto Cavalcanti\Documents\projeto-vitoria-araujo-bioacustica-2026-06\audiomoth-co-2025-1101-borda-matinha-semana1\20250420_090000.WAV,2025-04-20 06:00:57.000,2025-04-20 06:01:00.000,Saracura-Três-Potes,Aramides cajaneus,0.9929986000061035,,,,00:00:57,57,-15.7648,-47.8561,"Viveiro de Plantas Medicinais, Asa Norte",birdnet
C:\Users\Roberto Cavalcanti\Documents\projeto-vitoria-araujo-bioacustica-2026-06\audiomoth-co-2025-1101-borda-matinha-semana1\20250420_093000.WAV,2025-04-20 06:30:12.000,2025-04-20 06:30:15.000,Bem-Te-Vi,Pitangus sulphuratus,0.6881475448608398,,,,00:00:12,12,-15.7648,-47.8561,"Viveiro de Plantas Medicinais, Asa Norte",birdnet
C:\Users\Roberto Cavalcanti\Documents\projeto-vitoria-araujo-bioacustica-2026-06\audiomoth-co-2025-1101-borda-matinha-semana1\20250420_101000.WAV,2025-04-20 07:10:36.000,2025-04-20 07:10:39.000,Juriti-Pupu,Leptotila verreauxi,0.5822057723999023,,,,00:00:36,36,-15.7648,-47.8561,"Viveiro de Plantas Medicinais, Asa Norte",birdnet
C:\Users\Roberto Cavalcanti\Documents\projeto-vitoria-araujo-bioacustica-2026-06\audiomoth-co-2025-1101-borda-matinha-semana1\20250420_102000.WAV,2025-04-20 07:20:30.000,2025-04-20 07:20:33.000,Juriti-Pupu,Leptotila verreauxi,0.50413578748703,,,,00:00:30,30,-15.7648,-47.8561,"Viveiro de Plantas Medicinais, Asa Norte",birdnet
C:\Users\Roberto Cavalcanti\Documents\projeto-vitoria-araujo-bioacustica-2026-06\audiomoth-co-2025-1101-borda-matinha-semana1\20250420_103000.WAV,2025-04-20 07:30:09.000,2025-04-20 07:30:12.000,Periquito-De-Encontro-Amarelo,Brotogeris chiriri,0.8832399845123291,,,,00:00:09,9,-15.7648,-47.8561,"Viveiro de Plantas Medicinais, Asa Norte",birdnet
C:\Users\Roberto Cavalcanti\Documents\projeto-vitoria-araujo-bioacustica-2026-06\audiomoth-co-2025-1101-borda-matinha-semana1\20250420_103000.WAV,2025-04-20 07:30:12.000,2025-04-20 07:30:15.000,Periquito-De-Encontro-Amarelo,Brotogeris chiriri,0.7560781240463257,,,,00:00:12,12,-15.7648,-47.8561,"Viveiro de Plantas Medicinais, Asa Norte",birdnet
C:\Users\Roberto Cavalcanti\Documents\projeto-vitoria-araujo-bioacustica-2026-06\audiomoth-co-2025-1101-borda-matinha-semana1\20250420_103000.WAV,2025-04-20 07:30:30.000,2025-04-20 07:30:33.000,Saracura-Sanã,Pardirallus nigricans,0.4520634114742279,,,,00:00:30,30,-15.7648,-47.8561,"Viveiro de Plantas Medicinais, Asa Norte",birdnet
C:\Users\Roberto Cavalcanti\Documents\projeto-vitoria-araujo-bioacustica-2026-06\audiomoth-co-2025-1101-borda-matinha-semana1\20250420_103000.WAV,2025-04-20 07:30:42.000,2025-04-20 07:30:45.000,Bem-Te-Vi,Pitangus sulphuratus,0.5567887425422668,,,,00:00:42,42,-15.7648,-47.8561,"Viveiro de Plantas Medicinais, Asa Norte",birdnet
C:\Users\Roberto Cavalcanti\Documents\projeto-vitoria-araujo-bioacustica-2026-06\audiomoth-co-2025-1101-borda-matinha-semana1\20250420_104000.WAV,2025-04-20 07:40:15.000,2025-04-20 07:40:18.000,Juriti-Pupu,Leptotila verreauxi,0.5848609805107117,,,,00:00:15,15,-15.7648,-47.8561,"Viveiro de Plantas Medicinais, Asa Norte",birdnet
C:\Users\Roberto Cavalcanti\Documents\projeto-vitoria-araujo-bioacustica-2026-06\audiomoth-co-2025-1101-borda-matinha-semana1\20250420_104000.WAV,2025-04-20 07:40:27.000,2025-04-20 07:40:30.000,Pula-Pula,Basileuterus culicivorus,0.5143526792526245,,,,00:00:27,27,-15.7648,-47.8561,"Viveiro de Plantas Medicinais, Asa Norte",birdnet
C:\Users\Roberto Cavalcanti\Documents\projeto-vitoria-araujo-bioacustica-2026-06\audiomoth-co-2025-1101-borda-matinha-semana1\20250420_104000.WAV,2025-04-20 07:40:42.000,2025-04-20 07:40:45.000,Pula-Pula,Basileuterus culicivorus,0.545013427734375,,,,00:00:42,42,-15.7648,-47.8561,"Viveiro de Plantas Medicinais, Asa Norte",birdnet
C:\Users\Roberto Cavalcanti\Documents\projeto-vitoria-araujo-bioacustica-2026-06\audiomoth-co-2025-1101-borda-matinha-semana1\20250420_104000.WAV,2025-04-20 07:40:57.000,2025-04-20 07:41:00.000,Pula-Pula,Basileuterus culicivorus,0.5170080065727234,,,,00:00:57,57,-15.7648,-47.8561,"Viveiro de Plantas Medicinais, Asa Norte",birdnet
C:\Users\Roberto Cavalcanti\Documents\projeto-vitoria-araujo-bioacustica-2026-06\audiomoth-co-2025-1101-borda-matinha-semana1\20250420_105000.WAV,2025-04-20 07:50:33.000,2025-04-20 07:50:36.000,Bem-Te-Vi,Pitangus sulphuratus,0.477499395608902,,,,00:00:33,33,-15.7648,-47.8561,"Viveiro de Plantas Medicinais, Asa Norte",birdnet
C:\Users\Roberto Cavalcanti\Documents\projeto-vitoria-araujo-bioacustica-2026-06\audiomoth-co-2025-1101-borda-matinha-semana1\20250420_105000.WAV,2025-04-20 07:50:51.000,2025-04-20 07:50:54.000,Bem-Te-Vi,Pitangus sulphuratus,0.5406981706619263,,,,00:00:51,51,-15.7648,-47.8561,"Viveiro de Plantas Medicinais, Asa Norte",birdnet
C:\Users\Roberto Cavalcanti\Documents\projeto-vitoria-araujo-bioacustica-2026-06\audiomoth-co-2025-1101-borda-matinha-semana1\20250420_105000.WAV,2025-04-20 07:50:54.000,2025-04-20 07:50:57.000,Bem-Te-Vi,Pitangus sulphuratus,0.6013099551200867,,,,00:00:54,54,-15.7648,-47.8561,"Viveiro de Plantas Medicinais, Asa Norte",birdnet
C:\Users\Roberto Cavalcanti\Documents\projeto-vitoria-araujo-bioacustica-2026-06\audiomoth-co-2025-1101-borda-matinha-semana1\20250420_110000.WAV,2025-04-20 08:00:33.000,2025-04-20 08:00:36.000,Maracanã-Do-Buriti,Orthopsittaca manilatus,0.5259460806846619,,,,00:00:33,33,-15.7648,-47.8561,"Viveiro de Plantas Medicinais, Asa Norte",birdnet
C:\Users\Roberto Cavalcanti\Documents\projeto-vitoria-araujo-bioacustica-2026-06\audiomoth-co-2025-1101-borda-matinha-semana1\20250420_120000.WAV,2025-04-20 09:00:00.000,2025-04-20 09:00:03.000,Guaracava-De-Barriga-Amarela,Elaenia flavogaster,0.7687411308288574,,,,00:00:00,0,-15.7648,-47.8561,"Viveiro de Plantas Medicinais, Asa Norte",birdnet
C:\Users\Roberto Cavalcanti\Documents\projeto-vitoria-araujo-bioacustica-2026-06\audiomoth-co-2025-1101-borda-matinha-semana1\20250420_120000.WAV,2025-04-20 09:00:45.000,2025-04-20 09:00:48.000,Picapauzinho-Barrado,Picumnus cirratus,0.688270092010498,,,,00:00:45,45,-15.7648,-47.8561,"Viveiro de Plantas Medicinais, Asa Norte",birdnet
C:\Users\Roberto Cavalcanti\Documents\projeto-vitoria-araujo-bioacustica-2026-06\audiomoth-co-2025-1101-borda-matinha-semana1\20250420_161000.WAV,2025-04-20 13:10:45.000,2025-04-20 13:10:48.000,Cambacica,Coereba flaveola,0.4745413064956665,,,,00:00:45,45,-15.7648,-47.8561,"Viveiro de Plantas Medicinais, Asa Norte",birdnet
C:\Users\Roberto Cavalcanti\Documents\projeto-vitoria-araujo-bioacustica-2026-06\audiomoth-co-2025-1101-borda-matinha-semana1\20250420_172000.WAV,2025-04-20 14:20:57.000,2025-04-20 14:21:00.000,Baiano,Sporophila nigricollis,0.4627004861831665,,,,00:00:57,57,-15.7648,-47.8561,"Viveiro de Plantas Medicinais, Asa Norte",birdnet
C:\Users\Roberto Cavalcanti\Documents\projeto-vitoria-araujo-bioacustica-2026-06\audiomoth-co-2025-1101-borda-matinha-semana1\20250420_184000.WAV,2025-04-20 15:40:00.000,2025-04-20 15:40:03.000,Bem-Te-Vi,Pitangus sulphuratus,0.7143443822860718,,,,00:00:00,0,-15.7648,-47.8561,"Viveiro de Plantas Medicinais, Asa Norte",birdnet
C:\Users\Roberto Cavalcanti\Documents\projeto-vitoria-araujo-bioacustica-2026-06\audiomoth-co-2025-1101-borda-matinha-semana1\20250420_190000.WAV,2025-04-20 16:00:57.000,2025-04-20 16:01:00.000,Cabecinha-Castanha,Thlypopsis pyrrhocoma,0.5396379828453064,,,,00:00:57,57,-15.7648,-47.8561,"Viveiro de Plantas Medicinais, Asa Norte",birdnet
C:\Users\Roberto Cavalcanti\Documents\projeto-vitoria-araujo-bioacustica-2026-06\audiomoth-co-2025-1101-borda-matinha-semana1\20250420_195000.WAV,2025-04-20 16:50:03.000,2025-04-20 16:50:06.000,Bem-Te-Vi,Pitangus sulphuratus,0.6711622476577759,,,,00:00:03,3,-15.7648,-47.8561,"Viveiro de Plantas Medicinais, Asa Norte",birdnet
C:\Users\Roberto Cavalcanti\Documents\projeto-vitoria-araujo-bioacustica-2026-06\audiomoth-co-2025-1101-borda-matinha-semana1\20250420_195000.WAV,2025-04-20 16:50:12.000,2025-04-20 16:50:15.000,Bem-Te-Vi,Pitangus sulphuratus,0.48352178931236267,,,,00:00:12,12,-15.7648,-47.8561,"Viveiro de Plantas Medicinais, Asa Norte",birdnet
C:\Users\Roberto Cavalcanti\Documents\projeto-vitoria-araujo-bioacustica-2026-06\audiomoth-co-2025-1101-borda-matinha-semana1\20250420_195000.WAV,2025-04-20 16:50:21.000,2025-04-20 16:50:24.000,Bem-Te-Vi,Pitangus sulphuratus,0.5658859014511108,,,,00:00:21,21,-15.7648,-47.8561,"Viveiro de Plantas Medicinais, Asa Norte",birdnet
C:\Users\Roberto Cavalcanti\Documents\projeto-vitoria-araujo-bioacustica-2026-06\audiomoth-co-2025-1101-borda-matinha-semana1\20250420_195000.WAV,2025-04-20 16:50:36.000,2025-04-20 16:50:39.000,Neinei,Megarynchus pitangua,0.9619322419166565,,,,00:00:36,36,-15.7648,-47.8561,"Viveiro de Plantas Medicinais, Asa Norte",birdnet
C:\Users\Roberto Cavalcanti\Documents\projeto-vitoria-araujo-bioacustica-2026-06\audiomoth-co-2025-1101-borda-matinha-semana1\20250420_202000.WAV,2025-04-20 17:20:06.000,2025-04-20 17:20:09.000,Bem-Te-Vi,Pitangus sulphuratus,0.7909390330314636,,,,00:00:06,6,-15.7648,-47.8561,"Viveiro de Plantas Medicinais, Asa Norte",birdnet
C:\Users\Roberto Cavalcanti\Documents\projeto-vitoria-araujo-bioacustica-2026-06\audiomoth-co-2025-1101-borda-matinha-semana1\20250421_042000.WAV,2025-04-21 01:20:51.000,2025-04-21 01:20:54.000,Jacurutu,Bubo virginianus,0.4941719174385071,,,,00:00:51,51,-15.7648,-47.8561,"Viveiro de Plantas Medicinais, Asa Norte",birdnet
C:\Users\Roberto Cavalcanti\Documents\projeto-vitoria-araujo-bioacustica-2026-06\audiomoth-co-2025-1101-borda-matinha-semana1\20250421_051000.WAV,2025-04-21 02:10:09.000,2025-04-21 02:10:12.000,Jacurutu,Bubo virginianus,0.5083945393562317,,,,00:00:09,9,-15.7648,-47.8561,"Viveiro de Plantas Medicinais, Asa Norte",birdnet
C:\Users\Roberto Cavalcanti\Documents\projeto-vitoria-araujo-bioacustica-2026-06\audiomoth-co-2025-1101-borda-matinha-semana1\20250421_065000.WAV,2025-04-21 03:50:09.000,2025-04-21 03:50:12.000,Cigarra-Bambu,Haplospiza unicolor,0.6870615482330322,,,,00:00:09,9,-15.7648,-47.8561,"Viveiro de Plantas Medicinais, Asa Norte",birdnet
C:\Users\Roberto Cavalcanti\Documents\projeto-vitoria-araujo-bioacustica-2026-06\audiomoth-co-2025-1101-borda-matinha-semana1\20250421_093000.WAV,2025-04-21 06:30:18.000,2025-04-21 06:30:21.000,Pula-Pula,Basileuterus culicivorus,0.5423611998558044,,,,00:00:18,18,-15.7648,-47.8561,"Viveiro de Plantas Medicinais, Asa Norte",birdnet
C:\Users\Roberto Cavalcanti\Documents\projeto-vitoria-araujo-bioacustica-2026-06\audiomoth-co-2025-1101-borda-matinha-semana1\20250421_105000.WAV,2025-04-21 07:50:00.000,2025-04-21 07:50:03.000,Fim-Fim,Euphonia chlorotica,0.6297780871391296,,,,00:00:00,0,-15.7648,-47.8561,"Viveiro de Plantas Medicinais, Asa Norte",birdnet
C:\Users\Roberto Cavalcanti\Documents\projeto-vitoria-araujo-bioacustica-2026-06\audiomoth-co-2025-1101-borda-matinha-semana1\20250421_111000.WAV,2025-04-21 08:10:30.000,2025-04-21 08:10:33.000,Ariramba-De-Cauda-Ruiva,Galbula ruficauda,0.7904192805290222,,,,00:00:30,30,-15.7648,-47.8561,"Viveiro de Plantas Medicinais, Asa Norte",birdnet
C:\Users\Roberto Cavalcanti\Documents\projeto-vitoria-araujo-bioacustica-2026-06\audiomoth-co-2025-1101-borda-matinha-semana1\20250421_112000.WAV,2025-04-21 08:20:15.000,2025-04-21 08:20:18.000,Guaracava-De-Barriga-Amarela,Elaenia flavogaster,0.8743800520896912,,,,00:00:15,15,-15.7648,-47.8561,"Viveiro de Plantas Medicinais, Asa Norte",birdnet
C:\Users\Roberto Cavalcanti\Documents\projeto-vitoria-araujo-bioacustica-2026-06\audiomoth-co-2025-1101-borda-matinha-semana1\20250421_112000.WAV,2025-04-21 08:20:48.000,2025-04-21 08:20:51.000,Maria-Cavaleira,Myiarchus ferox,0.7263954877853394,,,,00:00:48,48,-15.7648,-47.8561,"Viveiro de Plantas Medicinais, Asa Norte",birdnet
C:\Users\Roberto Cavalcanti\Documents\projeto-vitoria-araujo-bioacustica-2026-06\audiomoth-co-2025-1101-borda-matinha-semana1\20250421_123000.WAV,2025-04-21 09:30:09.000,2025-04-21 09:30:12.000,Balança-Rabo-De-Máscara,Polioptila dumicola,0.5419399738311768,,,,00:00:09,9,-15.7648,-47.8561,"Viveiro de Plantas Medicinais, Asa Norte",birdnet
C:\Users\Roberto Cavalcanti\Documents\projeto-vitoria-araujo-bioacustica-2026-06\audiomoth-co-2025-1101-borda-matinha-semana1\20250421_123000.WAV,2025-04-21 09:30:36.000,2025-04-21 09:30:39.000,Cambacica,Coereba flaveola,0.6299814581871033,,,,00:00:36,36,-15.7648,-47.8561,"Viveiro de Plantas Medicinais, Asa Norte",birdnet
C:\Users\Roberto Cavalcanti\Documents\projeto-vitoria-araujo-bioacustica-2026-06\audiomoth-co-2025-1101-borda-matinha-semana1\20250421_123000.WAV,2025-04-21 09:30:48.000,2025-04-21 09:30:51.000,Cambacica,Coereba flaveola,0.6932069659233093,,,,00:00:48,48,-15.7648,-47.8561,"Viveiro de Plantas Medicinais, Asa Norte",birdnet
C:\Users\Roberto Cavalcanti\Documents\projeto-vitoria-araujo-bioacustica-2026-06\audiomoth-co-2025-1101-borda-matinha-semana1\20250421_130000.WAV,2025-04-21 10:00:12.000,2025-04-21 10:00:15.000,Tapaculo-Preto,Scytalopus speluncae,0.7161974906921387,,,,00:00:12,12,-15.7648,-47.8561,"Viveiro de Plantas Medicinais, Asa Norte",birdnet
C:\Users\Roberto Cavalcanti\Documents\projeto-vitoria-araujo-bioacustica-2026-06\audiomoth-co-2025-1101-borda-matinha-semana1\20250421_144000.WAV,2025-04-21 11:40:03.000,2025-04-21 11:40:06.000,Cambacica,Coereba flaveola,0.55666583776474,,,,00:00:03,3,-15.7648,-47.8561,"Viveiro de Plantas Medicinais, Asa Norte",birdnet
C:\Users\Roberto Cavalcanti\Documents\projeto-vitoria-araujo-bioacustica-2026-06\audiomoth-co-2025-1101-borda-matinha-semana1\20250421_144000.WAV,2025-04-21 11:40:18.000,2025-04-21 11:40:21.000,Cambacica,Coereba flaveola,0.7749443054199219,,,,00:00:18,18,-15.7648,-47.8561,"Viveiro de Plantas Medicinais, Asa Norte",birdnet
C:\Users\Roberto Cavalcanti\Documents\projeto-vitoria-araujo-bioacustica-2026-06\audiomoth-co-2025-1101-borda-matinha-semana1\20250421_144000.WAV,2025-04-21 11:40:30.000,2025-04-21 11:40:33.000,Cambacica,Coereba flaveola,0.531606912612915,,,,00:00:30,30,-15.7648,-47.8561,"Viveiro de Plantas Medicinais, Asa Norte",birdnet
C:\Users\Roberto Cavalcanti\Documents\projeto-vitoria-araujo-bioacustica-2026-06\audiomoth-co-2025-1101-borda-matinha-semana1\20250421_193000.WAV,2025-04-21 16:30:21.000,2025-04-21 16:30:24.000,Sanhaço-Cinzento,Thraupis sayaca,0.6280255317687988,,,,00:00:21,21,-15.7648,-47.8561,"Viveiro de Plantas Medicinais, Asa Norte",birdnet
C:\Users\Roberto Cavalcanti\Documents\projeto-vitoria-araujo-bioacustica-2026-06\audiomoth-co-2025-1101-borda-matinha-semana1\20250421_173000.WAV,2025-04-21 17:30:48.000,2025-04-21 17:30:51.000,Baiano,Sporophila nigricollis,0.46217355132102966,,,,00:00:48,48,-15.7648,-47.8561,"Viveiro de Plantas Medicinais, Asa Norte",birdnet
C:\Users\Roberto Cavalcanti\Documents\projeto-vitoria-araujo-bioacustica-2026-06\audiomoth-co-2025-1101-borda-matinha-semana1\20250421_210000.WAV,2025-04-21 18:00:09.000,2025-04-21 18:00:12.000,Sabiá-Barranco,Turdus leucomelas,0.8013032674789429,,,,00:00:09,9,-15.7648,-47.8561,"Viveiro de Plantas Medicinais, Asa Norte",birdnet
C:\Users\Roberto Cavalcanti\Documents\projeto-vitoria-araujo-bioacustica-2026-06\audiomoth-co-2025-1101-borda-matinha-semana1\20250421_210000.WAV,2025-04-21 18:00:12.000,2025-04-21 18:00:15.000,Sabiá-Barranco,Turdus leucomelas,0.48688754439353943,,,,00:00:12,12,-15.7648,-47.8561,"Viveiro de Plantas Medicinais, Asa Norte",birdnet
C:\Users\Roberto Cavalcanti\Documents\projeto-vitoria-araujo-bioacustica-2026-06\audiomoth-co-2025-1101-borda-matinha-semana1\20250421_210000.WAV,2025-04-21 18:00:15.000,2025-04-21 18:00:18.000,Sabiá-Barranco,Turdus leucomelas,0.8289012312889099,,,,00:00:15,15,-15.7648,-47.8561,"Viveiro de Plantas Medicinais, Asa Norte",birdnet
C:\Users\Roberto Cavalcanti\Documents\projeto-vitoria-araujo-bioacustica-2026-06\audiomoth-co-2025-1101-borda-matinha-semana1\20250422_085000.WAV,2025-04-22 05:50:00.000,2025-04-22 05:50:03.000,Saracura-Três-Potes,Aramides cajaneus,0.9877118468284607,,,,00:00:00,0,-15.7648,-47.8561,"Viveiro de Plantas Medicinais, Asa Norte",birdnet
C:\Users\Roberto Cavalcanti\Documents\projeto-vitoria-araujo-bioacustica-2026-06\audiomoth-co-2025-1101-borda-matinha-semana1\20250422_085000.WAV,2025-04-22 05:50:06.000,2025-04-22 05:50:09.000,Saracura-Três-Potes,Aramides cajaneus,0.975243091583252,,,,00:00:06,6,-15.7648,-47.8561,"Viveiro de Plantas Medicinais, Asa Norte",birdnet
C:\Users\Roberto Cavalcanti\Documents\projeto-vitoria-araujo-bioacustica-2026-06\audiomoth-co-2025-1101-borda-matinha-semana1\20250422_085000.WAV,2025-04-22 05:50:09.000,2025-04-22 05:50:12.000,Saracura-Três-Potes,Aramides cajaneus,0.9827138185501099,,,,00:00:09,9,-15.7648,-47.8561,"Viveiro de Plantas Medicinais, Asa Norte",birdnet
C:\Users\Roberto Cavalcanti\Documents\projeto-vitoria-araujo-bioacustica-2026-06\audiomoth-co-2025-1101-borda-matinha-semana1\20250422_085000.WAV,2025-04-22 05:50:12.000,2025-04-22 05:50:15.000,Saracura-Três-Potes,Aramides cajaneus,0.9929487705230713,,,,00:00:12,12,-15.7648,-47.8561,"Viveiro de Plantas Medicinais, Asa Norte",birdnet
C:\Users\Roberto Cavalcanti\Documents\projeto-vitoria-araujo-bioacustica-2026-06\audiomoth-co-2025-1101-borda-matinha-semana1\20250422_085000.WAV,2025-04-22 05:50:15.000,2025-04-22 05:50:18.000,Saracura-Três-Potes,Aramides cajaneus,0.9969961643218994,,,,00:00:15,15,-15.7648,-47.8561,"Viveiro de Plantas Medicinais, Asa Norte",birdnet
C:\Users\Roberto Cavalcanti\Documents\projeto-vitoria-araujo-bioacustica-2026-06\audiomoth-co-2025-1101-borda-matinha-semana1\20250422_085000.WAV,2025-04-22 05:50:18.000,2025-04-22 05:50:21.000,Saracura-Três-Potes,Aramides cajaneus,0.9647011160850525,,,,00:00:18,18,-15.7648,-47.8561,"Viveiro de Plantas Medicinais, Asa Norte",birdnet
C:\Users\Roberto Cavalcanti\Documents\projeto-vitoria-araujo-bioacustica-2026-06\audiomoth-co-2025-1101-borda-matinha-semana1\20250422_085000.WAV,2025-04-22 05:50:21.000,2025-04-22 05:50:24.000,Saracura-Três-Potes,Aramides cajaneus,0.9925659894943237,,,,00:00:21,21,-15.7648,-47.8561,"Viveiro de Plantas Medicinais, Asa Norte",birdnet
C:\Users\Roberto Cavalcanti\Documents\projeto-vitoria-araujo-bioacustica-2026-06\audiomoth-co-2025-1101-borda-matinha-semana1\20250422_085000.WAV,2025-04-22 05:50:24.000,2025-04-22 05:50:27.000,Saracura-Três-Potes,Aramides cajaneus,0.9696171283721924,,,,00:00:24,24,-15.7648,-47.8561,"Viveiro de Plantas Medicinais, Asa Norte",birdnet
C:\Users\Roberto Cavalcanti\Documents\projeto-vitoria-araujo-bioacustica-2026-06\audiomoth-co-2025-1101-borda-matinha-semana1\20250422_085000.WAV,2025-04-22 05:50:27.000,2025-04-22 05:50:30.000,Saracura-Três-Potes,Aramides cajaneus,0.996670126914978,,,,00:00:27,27,-15.7648,-47.8561,"Viveiro de Plantas Medicinais, Asa Norte",birdnet
C:\Users\Roberto Cavalcanti\Documents\projeto-vitoria-araujo-bioacustica-2026-06\audiomoth-co-2025-1101-borda-matinha-semana1\20250422_085000.WAV,2025-04-22 05:50:30.000,2025-04-22 05:50:33.000,Saracura-Três-Potes,Aramides cajaneus,0.6145632863044739,,,,00:00:30,30,-15.7648,-47.8561,"Viveiro de Plantas Medicinais, Asa Norte",birdnet
C:\Users\Roberto Cavalcanti\Documents\projeto-vitoria-araujo-bioacustica-2026-06\audiomoth-co-2025-1101-borda-matinha-semana1\20250422_085000.WAV,2025-04-22 05:50:33.000,2025-04-22 05:50:36.000,Saracura-Três-Potes,Aramides cajaneus,0.9458705186843872,,,,00:00:33,33,-15.7648,-47.8561,"Viveiro de Plantas Medicinais, Asa Norte",birdnet
C:\Users\Roberto Cavalcanti\Documents\projeto-vitoria-araujo-bioacustica-2026-06\audiomoth-co-2025-1101-borda-matinha-semana1\20250422_085000.WAV,2025-04-22 05:50:36.000,2025-04-22 05:50:39.000,Saracura-Três-Potes,Aramides cajaneus,0.9639566540718079,,,,00:00:36,36,-15.7648,-47.8561,"Viveiro de Plantas Medicinais, Asa Norte",birdnet
C:\Users\Roberto Cavalcanti\Documents\projeto-vitoria-araujo-bioacustica-2026-06\audiomoth-co-2025-1101-borda-matinha-semana1\20250422_085000.WAV,2025-04-22 05:50:39.000,2025-04-22 05:50:42.000,Saracura-Três-Potes,Aramides cajaneus,0.9956940412521362,,,,00:00:39,39,-15.7648,-47.8561,"Viveiro de Plantas Medicinais, Asa Norte",birdnet
C:\Users\Roberto Cavalcanti\Documents\projeto-vitoria-araujo-bioacustica-2026-06\audiomoth-co-2025-1101-borda-matinha-semana1\20250422_085000.WAV,2025-04-22 05:50:42.000,2025-04-22 05:50:45.000,Saracura-Três-Potes,Aramides cajaneus,0.9993746280670166,,,,00:00:42,42,-15.7648,-47.8561,"Viveiro de Plantas Medicinais, Asa Norte",birdnet
C:\Users\Roberto Cavalcanti\Documents\projeto-vitoria-araujo-bioacustica-2026-06\audiomoth-co-2025-1101-borda-matinha-semana1\20250422_085000.WAV,2025-04-22 05:50:45.000,2025-04-22 05:50:48.000,Saracura-Três-Potes,Aramides cajaneus,0.9678630232810974,,,,00:00:45,45,-15.7648,-47.8561,"Viveiro de Plantas Medicinais, Asa Norte",birdnet
C:\Users\Roberto Cavalcanti\Documents\projeto-vitoria-araujo-bioacustica-2026-06\audiomoth-co-2025-1101-borda-matinha-semana1\20250422_085000.WAV,2025-04-22 05:50:48.000,2025-04-22 05:50:51.000,Saracura-Três-Potes,Aramides cajaneus,0.9649422764778137,,,,00:00:48,48,-15.7648,-47.8561,"Viveiro de Plantas Medicinais, Asa Norte",birdnet
C:\Users\Roberto Cavalcanti\Documents\projeto-vitoria-araujo-bioacustica-2026-06\audiomoth-co-2025-1101-borda-matinha-semana1\20250422_085000.WAV,2025-04-22 05:50:51.000,2025-04-22 05:50:54.000,Saracura-Três-Potes,Aramides cajaneus,0.914634644985199,,,,00:00:51,51,-15.7648,-47.8561,"Viveiro de Plantas Medicinais, Asa Norte",birdnet
C:\Users\Roberto Cavalcanti\Documents\projeto-vitoria-araujo-bioacustica-2026-06\audiomoth-co-2025-1101-borda-matinha-semana1\20250422_085000.WAV,2025-04-22 05:50:54.000,2025-04-22 05:50:57.000,Saracura-Três-Potes,Aramides cajaneus,0.9981017708778381,,,,00:00:54,54,-15.7648,-47.8561,"Viveiro de Plantas Medicinais, Asa Norte",birdnet
C:\Users\Roberto Cavalcanti\Documents\projeto-vitoria-araujo-bioacustica-2026-06\audiomoth-co-2025-1101-borda-matinha-semana1\20250422_085000.WAV,2025-04-22 05:50:57.000,2025-04-22 05:51:00.000,Saracura-Três-Potes,Aramides cajaneus,0.9956777095794678,,,,00:00:57,57,-15.7648,-47.8561,"Viveiro de Plantas Medicinais, Asa Norte",birdnet
C:\Users\Roberto Cavalcanti\Documents\projeto-vitoria-araujo-bioacustica-2026-06\audiomoth-co-2025-1101-borda-matinha-semana1\20250422_090000.WAV,2025-04-22 06:00:00.000,2025-04-22 06:00:03.000,Saracura-Três-Potes,Aramides cajaneus,0.9982208609580994,,,,00:00:00,0,-15.7648,-47.8561,"Viveiro de Plantas Medicinais, Asa Norte",birdnet
C:\Users\Roberto Cavalcanti\Documents\projeto-vitoria-araujo-bioacustica-2026-06\audiomoth-co-2025-1101-borda-matinha-semana1\20250422_090000.WAV,2025-04-22 06:00:03.000,2025-04-22 06:00:06.000,Saracura-Três-Potes,Aramides cajaneus,0.9771101474761963,,,,00:00:03,3,-15.7648,-47.8561,"Viveiro de Plantas Medicinais, Asa Norte",birdnet
C:\Users\Roberto Cavalcanti\Documents\projeto-vitoria-araujo-bioacustica-2026-06\audiomoth-co-2025-1101-borda-matinha-semana1\20250422_090000.WAV,2025-04-22 06:00:06.000,2025-04-22 06:00:09.000,Saracura-Três-Potes,Aramides cajaneus,0.9923369288444519,,,,00:00:06,6,-15.7648,-47.8561,"Viveiro de Plantas Medicinais, Asa Norte",birdnet
C:\Users\Roberto Cavalcanti\Documents\projeto-vitoria-araujo-bioacustica-2026-06\audiomoth-co-2025-1101-borda-matinha-semana1\20250422_090000.WAV,2025-04-22 06:00:09.000,2025-04-22 06:00:12.000,Saracura-Três-Potes,Aramides cajaneus,0.9943589568138123,,,,00:00:09,9,-15.7648,-47.8561,"Viveiro de Plantas Medicinais, Asa Norte",birdnet
C:\Users\Roberto Cavalcanti\Documents\projeto-vitoria-araujo-bioacustica-2026-06\audiomoth-co-2025-1101-borda-matinha-semana1\20250422_090000.WAV,2025-04-22 06:00:12.000,2025-04-22 06:00:15.000,Saracura-Três-Potes,Aramides cajaneus,0.9953784942626953,,,,00:00:12,12,-15.7648,-47.8561,"Viveiro de Plantas Medicinais, Asa Norte",birdnet
C:\Users\Roberto Cavalcanti\Documents\projeto-vitoria-araujo-bioacustica-2026-06\audiomoth-co-2025-1101-borda-matinha-semana1\20250422_090000.WAV,2025-04-22 06:00:15.000,2025-04-22 06:00:18.000,Saracura-Três-Potes,Aramides cajaneus,0.9923110008239746,,,,00:00:15,15,-15.7648,-47.8561,"Viveiro de Plantas Medicinais, Asa Norte",birdnet
C:\Users\Roberto Cavalcanti\Documents\projeto-vitoria-araujo-bioacustica-2026-06\audiomoth-co-2025-1101-borda-matinha-semana1\20250422_090000.WAV,2025-04-22 06:00:18.000,2025-04-22 06:00:21.000,Saracura-Três-Potes,Aramides cajaneus,0.9905195832252502,,,,00:00:18,18,-15.7648,-47.8561,"Viveiro de Plantas Medicinais, Asa Norte",birdnet
C:\Users\Roberto Cavalcanti\Documents\projeto-vitoria-araujo-bioacustica-2026-06\audiomoth-co-2025-1101-borda-matinha-semana1\20250422_090000.WAV,2025-04-22 06:00:21.000,2025-04-22 06:00:24.000,Saracura-Três-Potes,Aramides cajaneus,0.9951481819152832,,,,00:00:21,21,-15.7648,-47.8561,"Viveiro de Plantas Medicinais, Asa Norte",birdnet
C:\Users\Roberto Cavalcanti\Documents\projeto-vitoria-araujo-bioacustica-2026-06\audiomoth-co-2025-1101-borda-matinha-semana1\20250422_090000.WAV,2025-04-22 06:00:24.000,2025-04-22 06:00:27.000,Saracura-Três-Potes,Aramides cajaneus,0.9939154982566833,,,,00:00:24,24,-15.7648,-47.8561,"Viveiro de Plantas Medicinais, Asa Norte",birdnet
C:\Users\Roberto Cavalcanti\Documents\projeto-vitoria-araujo-bioacustica-2026-06\audiomoth-co-2025-1101-borda-matinha-semana1\20250422_090000.WAV,2025-04-22 06:00:27.000,2025-04-22 06:00:30.000,Saracura-Três-Potes,Aramides cajaneus,0.9954042434692383,,,,00:00:27,27,-15.7648,-47.8561,"Viveiro de Plantas Medicinais, Asa Norte",birdnet
C:\Users\Roberto Cavalcanti\Documents\projeto-vitoria-araujo-bioacustica-2026-06\audiomoth-co-2025-1101-borda-matinha-semana1\20250422_090000.WAV,2025-04-22 06:00:30.000,2025-04-22 06:00:33.000,Coró-Coró,Mesembrinibis cayennensis,0.5345470905303955,,,,00:00:30,30,-15.7648,-47.8561,"Viveiro de Plantas Medicinais, Asa Norte",birdnet
C:\Users\Roberto Cavalcanti\Documents\projeto-vitoria-araujo-bioacustica-2026-06\audiomoth-co-2025-1101-borda-matinha-semana1\20250422_090000.WAV,2025-04-22 06:00:33.000,2025-04-22 06:00:36.000,Caburé-Acanelado,Aegolius harrisii,0.7312598824501038,,,,00:00:33,33,-15.7648,-47.8561,"Viveiro de Plantas Medicinais, Asa Norte",birdnet
C:\Users\Roberto Cavalcanti\Documents\projeto-vitoria-araujo-bioacustica-2026-06\audiomoth-co-2025-1101-borda-matinha-semana1\20250422_090000.WAV,2025-04-22 06:00:36.000,2025-04-22 06:00:39.000,Coró-Coró,Mesembrinibis cayennensis,0.6468461751937866,,,,00:00:36,36,-15.7648,-47.8561,"Viveiro de Plantas Medicinais, Asa Norte",birdnet
C:\Users\Roberto Cavalcanti\Documents\projeto-vitoria-araujo-bioacustica-2026-06\audiomoth-co-2025-1101-borda-matinha-semana1\20250422_094000.WAV,2025-04-22 06:40:00.000,2025-04-22 06:40:03.000,Bem-Te-Vi,Pitangus sulphuratus,0.642488420009613,,,,00:00:00,0,-15.7648,-47.8561,"Viveiro de Plantas Medicinais, Asa Norte",birdnet
C:\Users\Roberto Cavalcanti\Documents\projeto-vitoria-araujo-bioacustica-2026-06\audiomoth-co-2025-1101-borda-matinha-semana1\20250422_094000.WAV,2025-04-22 06:40:03.000,2025-04-22 06:40:06.000,Bem-Te-Vi,Pitangus sulphuratus,0.8594064712524414,,,,00:00:03,3,-15.7648,-47.8561,"Viveiro de Plantas Medicinais, Asa Norte",birdnet
C:\Users\Roberto Cavalcanti\Documents\projeto-vitoria-araujo-bioacustica-2026-06\audiomoth-co-2025-1101-borda-matinha-semana1\20250422_094000.WAV,2025-04-22 06:40:06.000,2025-04-22 06:40:09.000,Bem-Te-Vi,Pitangus sulphuratus,0.9124188423156738,,,,00:00:06,6,-15.7648,-47.8561,"Viveiro de Plantas Medicinais, Asa Norte",birdnet
C:\Users\Roberto Cavalcanti\Documents\projeto-vitoria-araujo-bioacustica-2026-06\audiomoth-co-2025-1101-borda-matinha-semana1\20250422_094000.WAV,2025-04-22 06:40:09.000,2025-04-22 06:40:12.000,Bem-Te-Vi,Pitangus sulphuratus,0.8054945468902588,,,,00:00:09,9,-15.7648,-47.8561,"Viveiro de Plantas Medicinais, Asa Norte",birdnet
C:\Users\Roberto Cavalcanti\Documents\projeto-vitoria-araujo-bioacustica-2026-06\audiomoth-co-2025-1101-borda-matinha-semana1\20250422_094000.WAV,2025-04-22 06:40:15.000,2025-04-22 06:40:18.000,Bem-Te-Vi,Pitangus sulphuratus,0.8760669231414795,,,,00:00:15,15,-15.7648,-47.8561,"Viveiro de Plantas Medicinais, Asa Norte",birdnet
C:\Users\Roberto Cavalcanti\Documents\projeto-vitoria-araujo-bioacustica-2026-06\audiomoth-co-2025-1101-borda-matinha-semana1\20250422_094000.WAV,2025-04-22 06:40:18.000,2025-04-22 06:40:21.000,Bem-Te-Vi,Pitangus sulphuratus,0.868989884853363,,,,00:00:18,18,-15.7648,-47.8561,"Viveiro de Plantas Medicinais, Asa Norte",birdnet
C:\Users\Roberto Cavalcanti\Documents\projeto-vitoria-araujo-bioacustica-2026-06\audiomoth-co-2025-1101-borda-matinha-semana1\20250422_094000.WAV,2025-04-22 06:40:21.000,2025-04-22 06:40:24.000,Bem-Te-Vi,Pitangus sulphuratus,0.5764356851577759,,,,00:00:21,21,-15.7648,-47.8561,"Viveiro de Plantas Medicinais, Asa Norte",birdnet
C:\Users\Roberto Cavalcanti\Documents\projeto-vitoria-araujo-bioacustica-2026-06\audiomoth-co-2025-1101-borda-matinha-semana1\20250422_094000.WAV,2025-04-22 06:40:30.000,2025-04-22 06:40:33.000,Bem-Te-Vi,Pitangus sulphuratus,0.6206680536270142,,,,00:00:30,30,-15.7648,-47.8561,"Viveiro de Plantas Medicinais, Asa Norte",birdnet
C:\Users\Roberto Cavalcanti\Documents\projeto-vitoria-araujo-bioacustica-2026-06\audiomoth-co-2025-1101-borda-matinha-semana1\20250422_094000.WAV,2025-04-22 06:40:33.000,2025-04-22 06:40:36.000,Bem-Te-Vi,Pitangus sulphuratus,0.6208195686340332,,,,00:00:33,33,-15.7648,-47.8561,"Viveiro de Plantas Medicinais, Asa Norte",birdnet
C:\Users\Roberto Cavalcanti\Documents\projeto-vitoria-araujo-bioacustica-2026-06\audiomoth-co-2025-1101-borda-matinha-semana1\20250422_094000.WAV,2025-04-22 06:40:39.000,2025-04-22 06:40:42.000,Bem-Te-Vi,Pitangus sulphuratus,0.5708030462265015,,,,00:00:39,39,-15.7648,-47.8561,"Viveiro de Plantas Medicinais, Asa Norte",birdnet
C:\Users\Roberto Cavalcanti\Documents\projeto-vitoria-araujo-bioacustica-2026-06\audiomoth-co-2025-1101-borda-matinha-semana1\20250422_094000.WAV,2025-04-22 06:40:51.000,2025-04-22 06:40:54.000,Bem-Te-Vi,Pitangus sulphuratus,0.8556944727897644,,,,00:00:51,51,-15.7648,-47.8561,"Viveiro de Plantas Medicinais, Asa Norte",birdnet
C:\Users\Roberto Cavalcanti\Documents\projeto-vitoria-araujo-bioacustica-2026-06\audiomoth-co-2025-1101-borda-matinha-semana1\20250422_094000.WAV,2025-04-22 06:40:54.000,2025-04-22 06:40:57.000,Bem-Te-Vi,Pitangus sulphuratus,0.7132243514060974,,,,00:00:54,54,-15.7648,-47.8561,"Viveiro de Plantas Medicinais, Asa Norte",birdnet
C:\Users\Roberto Cavalcanti\Documents\projeto-vitoria-araujo-bioacustica-2026-06\audiomoth-co-2025-1101-borda-matinha-semana1\20250422_103000.WAV,2025-04-22 07:30:09.000,2025-04-22 07:30:12.000,Periquito-De-Encontro-Amarelo,Brotogeris chiriri,0.46411198377609253,,,,00:00:09,9,-15.7648,-47.8561,"Viveiro de Plantas Medicinais, Asa Norte",birdnet
C:\Users\Roberto Cavalcanti\Documents\projeto-vitoria-araujo-bioacustica-2026-06\audiomoth-co-2025-1101-borda-matinha-semana1\20250422_103000.WAV,2025-04-22 07:30:48.000,2025-04-22 07:30:51.000,Periquito-De-Encontro-Amarelo,Brotogeris chiriri,0.7808387875556946,,,,00:00:48,48,-15.7648,-47.8561,"Viveiro de Plantas Medicinais, Asa Norte",birdnet
C:\Users\Roberto Cavalcanti\Documents\projeto-vitoria-araujo-bioacustica-2026-06\audiomoth-co-2025-1101-borda-matinha-semana1\20250422_103000.WAV,2025-04-22 07:30:51.000,2025-04-22 07:30:54.000,Periquito-De-Encontro-Amarelo,Brotogeris chiriri,0.5001267790794373,,,,00:00:51,51,-15.7648,-47.8561,"Viveiro de Plantas Medicinais, Asa Norte",birdnet
C:\Users\Roberto Cavalcanti\Documents\projeto-vitoria-araujo-bioacustica-2026-06\audiomoth-co-2025-1101-borda-matinha-semana1\20250422_103000.WAV,2025-04-22 07:30:54.000,2025-04-22 07:30:57.000,Periquito-De-Encontro-Amarelo,Brotogeris chiriri,0.6070690155029297,,,,00:00:54,54,-15.7648,-47.8561,"Viveiro de Plantas Medicinais, Asa Norte",birdnet
C:\Users\Roberto Cavalcanti\Documents\projeto-vitoria-araujo-bioacustica-2026-06\audiomoth-co-2025-1101-borda-matinha-semana1\20250422_104000.WAV,2025-04-22 07:40:51.000,2025-04-22 07:40:54.000,Pula-Pula,Basileuterus culicivorus,0.5401506423950195,,,,00:00:51,51,-15.7648,-47.8561,"Viveiro de Plantas Medicinais, Asa Norte",birdnet
C:\Users\Roberto Cavalcanti\Documents\projeto-vitoria-araujo-bioacustica-2026-06\audiomoth-co-2025-1101-borda-matinha-semana1\20250422_105000.WAV,2025-04-22 07:50:06.000,2025-04-22 07:50:09.000,Bem-Te-Vi,Pitangus sulphuratus,0.6742243766784668,,,,00:00:06,6,-15.7648,-47.8561,"Viveiro de Plantas Medicinais, Asa Norte",birdnet
C:\Users\Roberto Cavalcanti\Documents\projeto-vitoria-araujo-bioacustica-2026-06\audiomoth-co-2025-1101-borda-matinha-semana1\20250422_110000.WAV,2025-04-22 08:00:09.000,2025-04-22 08:00:12.000,Pula-Pula,Basileuterus culicivorus,0.5243534445762634,,,,00:00:09,9,-15.7648,-47.8561,"Viveiro de Plantas Medicinais, Asa Norte",birdnet
C:\Users\Roberto Cavalcanti\Documents\projeto-vitoria-araujo-bioacustica-2026-06\audiomoth-co-2025-1101-borda-matinha-semana1\20250422_110000.WAV,2025-04-22 08:00:27.000,2025-04-22 08:00:30.000,Bem-Te-Vi,Pitangus sulphuratus,0.9818482398986816,,,,00:00:27,27,-15.7648,-47.8561,"Viveiro de Plantas Medicinais, Asa Norte",birdnet
C:\Users\Roberto Cavalcanti\Documents\projeto-vitoria-araujo-bioacustica-2026-06\audiomoth-co-2025-1101-borda-matinha-semana1\20250422_110000.WAV,2025-04-22 08:00:30.000,2025-04-22 08:00:33.000,Bem-Te-Vi,Pitangus sulphuratus,0.45989155769348145,,,,00:00:30,30,-15.7648,-47.8561,"Viveiro de Plantas Medicinais, Asa Norte",birdnet
C:\Users\Roberto Cavalcanti\Documents\projeto-vitoria-araujo-bioacustica-2026-06\audiomoth-co-2025-1101-borda-matinha-semana1\20250422_110000.WAV,2025-04-22 08:00:39.000,2025-04-22 08:00:42.000,Bem-Te-Vi,Pitangus sulphuratus,0.7132114171981812,,,,00:00:39,39,-15.7648,-47.8561,"Viveiro de Plantas Medicinais, Asa Norte",birdnet
C:\Users\Roberto Cavalcanti\Documents\projeto-vitoria-araujo-bioacustica-2026-06\audiomoth-co-2025-1101-borda-matinha-semana1\20250422_110000.WAV,2025-04-22 08:00:51.000,2025-04-22 08:00:54.000,Bem-Te-Vi,Pitangus sulphuratus,0.8025843501091003,,,,00:00:51,51,-15.7648,-47.8561,"Viveiro de Plantas Medicinais, Asa Norte",birdnet
C:\Users\Roberto Cavalcanti\Documents\projeto-vitoria-araujo-bioacustica-2026-06\audiomoth-co-2025-1101-borda-matinha-semana1\20250422_110000.WAV,2025-04-22 08:00:57.000,2025-04-22 08:01:00.000,Bem-Te-Vi,Pitangus sulphuratus,0.8526726961135864,,,,00:00:57,57,-15.7648,-47.8561,"Viveiro de Plantas Medicinais, Asa Norte",birdnet
C:\Users\Roberto Cavalcanti\Documents\projeto-vitoria-araujo-bioacustica-2026-06\audiomoth-co-2025-1101-borda-matinha-semana1\20250422_111000.WAV,2025-04-22 08:10:24.000,2025-04-22 08:10:27.000,Sanhaço-Frade,Stephanophorus diadematus,0.5310097932815552,,,,00:00:24,24,-15.7648,-47.8561,"Viveiro de Plantas Medicinais, Asa Norte",birdnet
C:\Users\Roberto Cavalcanti\Documents\projeto-vitoria-araujo-bioacustica-2026-06\audiomoth-co-2025-1101-borda-matinha-semana1\20250422_113000.WAV,2025-04-22 08:30:06.000,2025-04-22 08:30:09.000,Sanhaço-Cinzento,Thraupis sayaca,0.46035656332969666,,,,00:00:06,6,-15.7648,-47.8561,"Viveiro de Plantas Medicinais, Asa Norte",birdnet
C:\Users\Roberto Cavalcanti\Documents\projeto-vitoria-araujo-bioacustica-2026-06\audiomoth-co-2025-1101-borda-matinha-semana1\20250422_121000.WAV,2025-04-22 09:10:24.000,2025-04-22 09:10:27.000,Petrim,Synallaxis frontalis,0.8365081548690796,,,,00:00:24,24,-15.7648,-47.8561,"Viveiro de Plantas Medicinais, Asa Norte",birdnet
C:\Users\Roberto Cavalcanti\Documents\projeto-vitoria-araujo-bioacustica-2026-06\audiomoth-co-2025-1101-borda-matinha-semana1\20250422_121000.WAV,2025-04-22 09:10:30.000,2025-04-22 09:10:33.000,Petrim,Synallaxis frontalis,0.8438683152198792,,,,00:00:30,30,-15.7648,-47.8561,"Viveiro de Plantas Medicinais, Asa Norte",birdnet
C:\Users\Roberto Cavalcanti\Documents\projeto-vitoria-araujo-bioacustica-2026-06\audiomoth-co-2025-1101-borda-matinha-semana1\20250422_121000.WAV,2025-04-22 09:10:33.000,2025-04-22 09:10:36.000,Petrim,Synallaxis frontalis,0.9398500323295593,,,,00:00:33,33,-15.7648,-47.8561,"Viveiro de Plantas Medicinais, Asa Norte",birdnet
C:\Users\Roberto Cavalcanti\Documents\projeto-vitoria-araujo-bioacustica-2026-06\audiomoth-co-2025-1101-borda-matinha-semana1\20250422_121000.WAV,2025-04-22 09:10:39.000,2025-04-22 09:10:42.000,Petrim,Synallaxis frontalis,0.952190101146698,,,,00:00:39,39,-15.7648,-47.8561,"Viveiro de Plantas Medicinais, Asa Norte",birdnet
C:\Users\Roberto Cavalcanti\Documents\projeto-vitoria-araujo-bioacustica-2026-06\audiomoth-co-2025-1101-borda-matinha-semana1\20250422_121000.WAV,2025-04-22 09:10:42.000,2025-04-22 09:10:45.000,Petrim,Synallaxis frontalis,0.46114400029182434,,,,00:00:42,42,-15.7648,-47.8561,"Viveiro de Plantas Medicinais, Asa Norte",birdnet
C:\Users\Roberto Cavalcanti\Documents\projeto-vitoria-araujo-bioacustica-2026-06\audiomoth-co-2025-1101-borda-matinha-semana1\20250422_121000.WAV,2025-04-22 09:10:45.000,2025-04-22 09:10:48.000,Petrim,Synallaxis frontalis,0.5081039071083069,,,,00:00:45,45,-15.7648,-47.8561,"Viveiro de Plantas Medicinais, Asa Norte",birdnet
C:\Users\Roberto Cavalcanti\Documents\projeto-vitoria-araujo-bioacustica-2026-06\audiomoth-co-2025-1101-borda-matinha-semana1\20250422_121000.WAV,2025-04-22 09:10:51.000,2025-04-22 09:10:54.000,Petrim,Synallaxis frontalis,0.5916059017181396,,,,00:00:51,51,-15.7648,-47.8561,"Viveiro de Plantas Medicinais, Asa Norte",birdnet
C:\Users\Roberto Cavalcanti\Documents\projeto-vitoria-araujo-bioacustica-2026-06\audiomoth-co-2025-1101-borda-matinha-semana1\20250422_121000.WAV,2025-04-22 09:10:54.000,2025-04-22 09:10:57.000,Petrim,Synallaxis frontalis,0.7337509989738464,,,,00:00:54,54,-15.7648,-47.8561,"Viveiro de Plantas Medicinais, Asa Norte",birdnet
C:\Users\Roberto Cavalcanti\Documents\projeto-vitoria-araujo-bioacustica-2026-06\audiomoth-co-2025-1101-borda-matinha-semana1\20250422_184000.WAV,2025-04-22 15:40:30.000,2025-04-22 15:40:33.000,Periquito-De-Encontro-Amarelo,Brotogeris chiriri,0.5473672747612,,,,00:00:30,30,-15.7648,-47.8561,"Viveiro de Plantas Medicinais, Asa Norte",birdnet
C:\Users\Roberto Cavalcanti\Documents\projeto-vitoria-araujo-bioacustica-2026-06\audiomoth-co-2025-1101-borda-matinha-semana1\20250422_191000.WAV,2025-04-22 16:10:30.000,2025-04-22 16:10:33.000,Sabiá-Barranco,Turdus leucomelas,0.8149706125259399,,,,00:00:30,30,-15.7648,-47.8561,"Viveiro de Plantas Medicinais, Asa Norte",birdnet
C:\Users\Roberto Cavalcanti\Documents\projeto-vitoria-araujo-bioacustica-2026-06\audiomoth-co-2025-1101-borda-matinha-semana1\20250422_191000.WAV,2025-04-22 16:10:42.000,2025-04-22 16:10:45.000,Sabiá-Barranco,Turdus leucomelas,0.6787025928497314,,,,00:00:42,42,-15.7648,-47.8561,"Viveiro de Plantas Medicinais, Asa Norte",birdnet
C:\Users\Roberto Cavalcanti\Documents\projeto-vitoria-araujo-bioacustica-2026-06\audiomoth-co-2025-1101-borda-matinha-semana1\20250422_191000.WAV,2025-04-22 16:10:48.000,2025-04-22 16:10:51.000,Sabiá-Barranco,Turdus leucomelas,0.5362879037857056,,,,00:00:48,48,-15.7648,-47.8561,"Viveiro de Plantas Medicinais, Asa Norte",birdnet
C:\Users\Roberto Cavalcanti\Documents\projeto-vitoria-araujo-bioacustica-2026-06\audiomoth-co-2025-1101-borda-matinha-semana1\20250422_204000.WAV,2025-04-22 17:40:00.000,2025-04-22 17:40:03.000,Saracura-Três-Potes,Aramides cajaneus,0.9707735776901245,,,,00:00:00,0,-15.7648,-47.8561,"Viveiro de Plantas Medicinais, Asa Norte",birdnet
C:\Users\Roberto Cavalcanti\Documents\projeto-vitoria-araujo-bioacustica-2026-06\audiomoth-co-2025-1101-borda-matinha-semana1\20250422_204000.WAV,2025-04-22 17:40:03.000,2025-04-22 17:40:06.000,Saracura-Três-Potes,Aramides cajaneus,0.919885516166687,,,,00:00:03,3,-15.7648,-47.8561,"Viveiro de Plantas Medicinais, Asa Norte",birdnet
C:\Users\Roberto Cavalcanti\Documents\projeto-vitoria-araujo-bioacustica-2026-06\audiomoth-co-2025-1101-borda-matinha-semana1\20250422_204000.WAV,2025-04-22 17:40:09.000,2025-04-22 17:40:12.000,Saracura-Três-Potes,Aramides cajaneus,0.4843246340751648,,,,00:00:09,9,-15.7648,-47.8561,"Viveiro de Plantas Medicinais, Asa Norte",birdnet
C:\Users\Roberto Cavalcanti\Documents\projeto-vitoria-araujo-bioacustica-2026-06\audiomoth-co-2025-1101-borda-matinha-semana1\20250422_204000.WAV,2025-04-22 17:40:12.000,2025-04-22 17:40:15.000,Saracura-Três-Potes,Aramides cajaneus,0.8865018486976624,,,,00:00:12,12,-15.7648,-47.8561,"Viveiro de Plantas Medicinais, Asa Norte",birdnet
C:\Users\Roberto Cavalcanti\Documents\projeto-vitoria-araujo-bioacustica-2026-06\audiomoth-co-2025-1101-borda-matinha-semana1\20250422_204000.WAV,2025-04-22 17:40:18.000,2025-04-22 17:40:21.000,Saracura-Três-Potes,Aramides cajaneus,0.8925297856330872,,,,00:00:18,18,-15.7648,-47.8561,"Viveiro de Plantas Medicinais, Asa Norte",birdnet
C:\Users\Roberto Cavalcanti\Documents\projeto-vitoria-araujo-bioacustica-2026-06\audiomoth-co-2025-1101-borda-matinha-semana1\20250422_204000.WAV,2025-04-22 17:40:24.000,2025-04-22 17:40:27.000,Saracura-Três-Potes,Aramides cajaneus,0.9629004001617432,,,,00:00:24,24,-15.7648,-47.8561,"Viveiro de Plantas Medicinais, Asa Norte",birdnet
C:\Users\Roberto Cavalcanti\Documents\projeto-vitoria-araujo-bioacustica-2026-06\audiomoth-co-2025-1101-borda-matinha-semana1\20250422_204000.WAV,2025-04-22 17:40:27.000,2025-04-22 17:40:30.000,Saracura-Três-Potes,Aramides cajaneus,0.9611586332321167,,,,00:00:27,27,-15.7648,-47.8561,"Viveiro de Plantas Medicinais, Asa Norte",birdnet
C:\Users\Roberto Cavalcanti\Documents\projeto-vitoria-araujo-bioacustica-2026-06\audiomoth-co-2025-1101-borda-matinha-semana1\20250422_204000.WAV,2025-04-22 17:40:33.000,2025-04-22 17:40:36.000,Saracura-Três-Potes,Aramides cajaneus,0.9619266390800476,,,,00:00:33,33,-15.7648,-47.8561,"Viveiro de Plantas Medicinais, Asa Norte",birdnet
C:\Users\Roberto Cavalcanti\Documents\projeto-vitoria-araujo-bioacustica-2026-06\audiomoth-co-2025-1101-borda-matinha-semana1\20250422_204000.WAV,2025-04-22 17:40:36.000,2025-04-22 17:40:39.000,Saracura-Três-Potes,Aramides cajaneus,0.5285517573356628,,,,00:00:36,36,-15.7648,-47.8561,"Viveiro de Plantas Medicinais, Asa Norte",birdnet
C:\Users\Roberto Cavalcanti\Documents\projeto-vitoria-araujo-bioacustica-2026-06\audiomoth-co-2025-1101-borda-matinha-semana1\20250422_204000.WAV,2025-04-22 17:40:42.000,2025-04-22 17:40:45.000,Saracura-Três-Potes,Aramides cajaneus,0.8625763654708862,,,,00:00:42,42,-15.7648,-47.8561,"Viveiro de Plantas Medicinais, Asa Norte",birdnet
C:\Users\Roberto Cavalcanti\Documents\projeto-vitoria-araujo-bioacustica-2026-06\audiomoth-co-2025-1101-borda-matinha-semana1\20250422_204000.WAV,2025-04-22 17:40:45.000,2025-04-22 17:40:48.000,Saracura-Três-Potes,Aramides cajaneus,0.9001176953315735,,,,00:00:45,45,-15.7648,-47.8561,"Viveiro de Plantas Medicinais, Asa Norte",birdnet
C:\Users\Roberto Cavalcanti\Documents\projeto-vitoria-araujo-bioacustica-2026-06\audiomoth-co-2025-1101-borda-matinha-semana1\20250422_204000.WAV,2025-04-22 17:40:51.000,2025-04-22 17:40:54.000,Saracura-Três-Potes,Aramides cajaneus,0.9232229590415955,,,,00:00:51,51,-15.7648,-47.8561,"Viveiro de Plantas Medicinais, Asa Norte",birdnet